0.380870,-0.031866,0.097613,0.138290,0.204480,0.118750,0.048357,-0.083273,0.570250,-1.076800,1.390000,1.101400,0.711360,1
-2.205700,-0.460200,-0.099835,-0.814360,0.604490,-0.090876,0.464440,-0.555000,-1.538500,-1.729800,2.184500,0.618110,0.363480,1
0.243520,-0.547290,-0.145880,0.382120,0.136980,0.027322,0.496950,0.057713,-0.048178,0.272170,1.046200,0.977960,0.361080,1
0.572500,-0.008173,0.121270,-0.031080,0.249350,0.203350,0.158310,0.027836,0.930090,-0.441600,1.296500,0.813990,0.051320,1
-1.463100,-0.866030,-0.192870,-0.599890,-0.739610,0.087846,0.168530,-0.046218,-0.711700,-0.214370,1.443800,0.351740,0.505230,1
-0.282280,0.123480,0.202100,0.147200,0.137140,0.328460,0.182030,-0.505020,0.405940,-0.624760,1.131600,0.948750,0.672890,1
-0.388020,-0.280660,0.176010,-0.133260,-0.102250,0.020054,0.470870,-0.141190,-0.443900,0.032825,0.745980,0.869280,0.563020,1
-0.915720,-0.484380,0.161970,-0.060857,-0.229620,-0.029003,0.294010,-0.367940,0.065731,-1.473200,1.896600,0.600290,0.308210,1
-0.365300,-0.078948,0.168920,0.693780,-0.221770,-0.174730,0.081447,-0.517470,-0.430030,-1.568000,1.875400,0.695960,0.279740,1
-0.367790,-0.427050,0.020751,-0.466810,0.079270,0.078757,0.218210,-0.106500,0.052867,-0.823420,1.064500,0.970170,0.564580,1
-1.412200,-0.647970,-0.150670,-0.846200,0.150220,-0.001985,0.332910,-0.202160,-0.878300,-0.956080,1.659400,0.715590,0.592060,1
-0.061677,-0.653980,-0.162490,0.067349,-0.077648,-0.168600,0.075454,-0.652880,-0.468520,-0.011762,1.489700,0.478250,-1.012800,1
-1.062000,0.048276,0.107440,0.484000,-0.530320,0.127790,0.267400,-0.682450,-1.153000,-0.256150,0.400150,0.781540,1.643600,1
0.765100,-0.179410,0.126140,0.233900,-0.154400,0.001216,-0.069682,-0.253890,0.708890,-0.700500,1.119600,0.954090,0.567060,1
-2.175700,-0.533580,0.075298,0.624990,-1.402900,-0.170590,0.584020,-0.502810,-1.116200,-1.455600,1.519700,0.616770,1.208200,1
-0.091169,0.030655,0.002898,0.095228,0.200000,0.016520,0.183750,-0.321400,-0.270640,-0.519400,1.476200,0.640370,0.151440,1
0.015908,-0.147420,-0.079935,-0.203520,0.211380,0.345180,-0.286820,-0.015460,-0.211290,-0.316290,1.066400,0.804810,0.443340,1
0.061984,-0.268430,0.034245,-0.286170,0.076270,0.531310,-0.360910,0.184750,0.400080,-0.327860,0.829090,1.068500,0.834070,1
-0.100010,-0.257990,0.014137,-0.293410,0.163320,0.346280,-0.146100,0.050916,0.195540,-0.482070,1.202700,0.929980,0.622840,1
-0.611320,0.295260,0.122990,0.004077,0.289300,0.362010,0.612550,0.203520,-0.763230,0.120490,-0.074202,1.031800,1.230900,1
-0.662460,0.070311,0.020342,-0.061848,0.288330,0.161000,0.490270,-0.118460,-0.088108,-0.783170,1.579000,0.821240,0.495420,1
-1.244400,0.165190,0.152930,0.108500,0.413680,0.143680,0.547580,-0.406590,-0.638560,-1.069500,1.788900,0.762970,0.510880,1
-1.052600,-0.321760,0.033939,0.613010,-0.564700,-0.128040,0.433070,-0.348550,-0.773170,-1.036000,1.557600,0.812940,0.856140,1
0.890520,-0.098919,0.066054,0.105120,-0.019928,0.115320,0.070624,0.054331,0.832400,-0.353260,1.049000,1.095600,0.568750,1
0.828340,-0.106370,0.121070,-0.249780,0.286540,0.039069,0.221540,0.287480,0.436170,0.405430,0.617890,0.878250,0.302090,1
-3.199200,-0.358320,-0.169780,-0.662220,0.393470,-0.162350,0.820090,-0.722630,-2.543500,-1.458000,2.334400,0.469290,0.284290,1
0.413420,-0.559840,-0.040077,-0.158610,-0.481540,-0.014078,0.028957,-0.122070,0.507010,-0.455050,1.054900,0.823650,-0.585540,1
0.575850,0.003789,0.069437,0.167690,-0.013714,0.072744,-0.049889,-0.536710,0.237370,-0.177160,0.826990,0.732610,0.139300,1
0.518450,-0.054512,-0.043904,-0.125960,0.291840,0.000911,-0.075939,0.033516,-0.419970,0.754460,1.218000,1.008600,0.402140,1
0.267740,-0.925540,-0.319240,0.177910,-0.183500,0.292990,0.302280,0.333500,0.897170,0.203050,0.999020,1.080200,0.669770,1
-0.222270,-0.556940,0.309520,0.139370,-0.343300,-0.145420,0.118590,-0.343000,0.173880,-1.195900,1.501500,0.809480,0.118920,1
-1.148300,-0.007311,0.046237,0.182750,-0.238080,0.107050,0.626150,-0.283760,-0.744450,-0.345040,1.245100,0.867580,0.927550,1
-1.282400,-0.047611,-0.001466,0.033529,0.211860,-0.080392,0.484440,-0.532810,-1.093700,-1.010300,2.016700,0.608090,0.360230,1
0.336920,0.052810,0.110380,0.133220,0.239030,0.017900,0.313950,-0.096619,-0.126380,-0.047541,1.171100,0.989230,0.483320,1
-0.470390,-0.110920,0.102720,-0.011465,0.121300,0.026113,0.403380,-0.206090,-0.333630,-0.585600,1.378700,0.800960,0.541950,1
0.727570,-0.185510,0.177480,0.044924,0.000224,0.083032,0.144260,0.117460,0.723610,-0.451300,0.839710,1.053800,0.574230,1
-1.548600,-0.400560,-0.044583,-0.511140,0.046082,0.033686,0.559300,-0.302580,-0.715640,-0.873390,1.691200,0.596460,0.405140,1
0.181410,-0.247120,0.372600,0.227360,0.005478,0.133520,-0.024978,-0.119060,1.085700,-1.723700,1.378100,1.079900,1.022200,1
-0.999990,-0.814350,0.177560,0.177610,0.547780,0.367950,-0.137490,0.444320,2.249500,-3.201600,0.690970,0.845610,0.503460,3
-1.153600,0.140530,-0.018584,0.069719,0.140420,0.123200,0.673140,-0.210040,-0.812520,-0.534180,1.456000,0.830950,0.677500,1
-1.183000,-0.277840,-0.081339,0.487300,0.481530,0.187460,0.640110,-0.309340,-0.391620,-1.036400,1.792200,0.711620,0.476530,1
-1.328100,0.118470,0.037562,0.027887,0.459540,0.080593,0.407710,-0.473740,-1.012500,-1.373900,1.690100,0.620060,0.432580,1
-0.671570,-0.208820,0.113250,-0.060178,-0.042715,0.058569,0.399470,-0.209850,-0.319210,-0.648480,1.174400,0.955610,0.828950,1
-0.405050,-0.982020,-0.145940,0.563020,0.392800,0.079391,0.488620,-0.161900,0.160940,-0.717680,1.353400,0.912100,0.402280,1
0.464730,-0.160650,0.007432,0.151530,-0.203110,0.100990,0.056377,-0.017550,0.664790,-0.827060,1.112600,1.018700,0.767770,1
0.162910,-0.053532,0.103410,-0.059860,0.041772,0.319370,0.283060,0.224130,0.797030,-0.624590,0.781800,1.165300,0.958850,1
-0.375250,-0.159980,-0.029497,0.173550,0.054327,0.062280,0.419620,-0.128530,-0.051877,-0.640170,1.568000,0.767530,0.467870,1
-0.887710,-0.269970,0.108320,0.603550,-0.750610,-0.168770,0.380000,-0.342240,-0.515060,-1.131200,1.628200,0.813230,0.915100,1
-3.502100,-0.561760,-0.254380,-0.879470,-0.021890,-0.043895,0.966660,-0.526000,-2.263500,-1.258700,1.980500,0.470530,0.459630,1
-0.489180,-0.207250,-0.030524,-0.127570,0.070837,-0.043561,0.349900,-0.185290,-0.557900,-0.595350,1.401300,0.880510,0.613840,1
0.013116,-0.089961,0.076629,0.096618,-0.047087,0.152410,0.252120,-0.033151,0.591740,-0.884840,1.357000,0.940380,0.725480,1
0.540440,0.046374,0.177090,0.048416,0.152810,0.247750,0.326230,0.110830,0.838880,-0.130310,0.938240,1.165200,0.703850,1
-2.174300,-0.197760,-0.057930,-0.361460,0.073216,0.076146,0.784680,-0.389530,-1.340100,-0.791690,1.693800,0.715360,0.618910,1
-0.165390,-0.078311,0.027858,0.083209,0.105440,0.033893,0.207930,-0.192580,-0.103290,-0.900950,1.428800,0.951040,0.648790,1
0.349870,-0.682730,0.031622,0.667040,0.340500,0.187100,0.392780,0.048119,1.006700,-0.620110,1.222300,0.993680,0.680040,1
-0.794330,-0.316860,0.049622,-0.087739,-0.258840,0.137320,0.365090,-0.131140,0.202340,-1.124100,1.409000,0.958080,0.839610,1
0.811250,-0.205900,0.071078,0.385430,0.428410,0.175270,0.373180,0.074216,0.673550,0.218080,0.927020,1.128400,0.276410,1
-0.050508,-0.142810,0.139140,0.106760,-0.180940,0.189260,0.289670,-0.024397,0.645670,-0.780880,1.128500,0.964170,0.856670,1
-0.006185,0.066300,0.184090,0.292190,0.189000,0.030517,0.285460,-0.230560,0.015153,-0.646000,1.533400,0.978480,0.663560,1
1.274100,-0.076481,0.092462,0.103810,0.065630,0.061862,0.028277,0.102140,0.713240,0.003190,0.745300,1.160700,0.539900,1
0.103080,-0.962030,0.153590,-0.811130,-0.137320,0.233520,-0.201430,0.277830,1.694300,-2.091400,0.861280,1.253500,0.709080,1
-0.020001,-0.677370,-0.202490,0.257550,0.606910,0.215370,0.688850,0.195910,0.113300,0.367950,1.047500,0.947000,0.520610,1
-2.503500,-0.717500,-0.250510,-0.640660,-0.541240,-0.027750,0.685650,-0.290370,-1.526100,-0.636750,1.844400,0.175510,0.501810,1
-1.151600,-0.841510,0.049148,0.429790,-0.504450,-0.298960,0.301920,-0.729880,-0.604460,-1.323100,1.493400,0.719440,0.699870,1
-0.978210,-0.175800,-0.035054,-0.039371,-0.117130,-0.015196,0.504240,-0.246540,-0.869430,-0.523510,1.327700,0.832600,0.747220,1
-0.487150,-0.168070,0.091873,-0.149310,0.031256,0.215020,0.390770,-0.003476,0.448210,-1.008100,1.264000,0.859620,0.676180,1
-1.011300,0.127880,0.046426,0.091750,0.108110,0.031809,0.846010,-0.194870,-1.058000,0.255210,1.460900,0.841210,0.454800,1
0.213770,-0.310430,0.038647,0.574420,0.254460,0.137620,0.284430,-0.202360,0.723510,-0.634210,1.626400,0.908550,0.415800,1
-1.242800,-0.372070,-0.186570,-0.523810,0.024587,0.132540,0.312640,-0.145930,-0.899970,-0.522730,1.433900,0.734070,0.641460,1
0.029503,-0.374340,0.070327,0.383680,-0.296730,-0.129400,0.178560,-0.172890,-0.133420,-0.702440,1.137700,0.881540,1.060100,1
-0.792080,-0.881830,0.058386,0.387050,0.092204,0.344930,0.589610,0.161610,1.106200,-1.404800,1.333100,0.848870,0.639640,1
-2.064900,0.278050,0.087557,-0.082010,0.834330,-0.055759,0.864620,-0.595700,-1.945100,-0.697270,2.238300,0.470410,-0.083986,1
0.871430,0.000723,0.122520,0.183730,0.127350,0.053296,0.080890,-0.039406,0.351090,-0.152140,0.865840,1.110100,0.782310,1
0.086521,-0.633120,0.169460,0.529140,0.272360,0.153560,-0.002669,-0.181770,1.171200,-2.048900,1.569500,1.028500,0.703640,1
-0.989140,-0.958160,-0.028318,-0.023931,-0.104680,0.000362,0.309510,-0.150750,0.059060,-1.620400,1.470100,0.873530,0.667840,1
-1.775500,0.358040,0.077023,0.007307,-0.323430,-0.559690,0.097141,0.785920,0.699840,-1.875900,-0.792800,0.518980,1.348300,3
-4.801200,-1.097300,2.424300,-1.837100,2.605700,0.067668,1.992700,-0.224960,-0.869000,-1.419200,3.079000,0.237660,0.025405,4
0.844560,-0.208190,-0.025298,0.274140,0.214700,0.179290,0.292780,0.216880,0.644980,0.066249,0.618190,1.163000,0.657440,1
-0.894280,-0.267770,0.070370,-0.390580,0.459440,-0.010615,0.310620,-0.255320,-0.643210,-1.230300,1.472900,0.890150,0.412550,1
-0.056669,-0.173620,0.060592,0.013863,-0.069535,-0.000526,0.419450,0.003335,-0.075264,-0.183130,1.281200,1.005700,0.669830,1
-2.107600,-0.776790,-0.275770,-0.435230,-0.021870,-0.125520,0.915940,-0.258460,-1.730700,-0.219360,1.581200,0.670120,0.475850,1
-2.276100,0.057370,-0.084216,0.017749,-0.072595,0.133460,0.953360,-0.367570,-1.106900,-0.895870,2.105600,0.646380,0.558280,1
-1.287200,-0.633170,-0.254010,-0.507490,-0.671920,0.091225,0.463600,0.030171,-0.745810,0.022693,1.131000,0.808750,0.866760,1
-0.364400,-0.549320,-0.152100,0.880870,-0.040840,0.321680,0.810920,0.063988,0.382260,0.272080,0.869860,1.113000,0.905300,1
0.122670,-0.527560,0.007313,0.278870,-0.515410,0.138920,0.137400,0.024725,1.138200,-1.182700,1.317300,1.033300,0.944610,1
1.091600,-0.213590,0.172950,0.088566,0.006390,0.093575,-0.041246,0.116020,1.191900,-0.725810,1.043200,1.137900,0.651790,1
-1.389600,-2.059200,-0.504640,0.521900,0.694170,0.084386,0.993800,0.083054,-0.551480,-0.209330,1.056600,0.849030,0.443270,1
-0.168760,-0.140410,0.115090,0.064773,-0.022261,0.085407,0.336690,-0.025580,0.182850,-0.760550,1.269800,0.910100,0.593590,1
-0.628670,-0.976860,-0.273920,0.183550,0.078442,0.103880,0.677100,0.101370,-0.013329,-0.177170,1.204200,0.964730,0.603990,1
0.057414,-0.041609,0.160370,-0.124900,0.379560,0.170920,0.322320,0.020800,0.428180,-0.654430,1.303500,0.950080,0.531740,1
-2.174000,-0.133640,0.047777,0.412950,-0.252000,-0.229720,0.631350,-0.595610,-1.934100,-1.486500,2.065500,0.529760,0.581450,1
-2.201400,-0.555520,-0.058746,0.120760,-0.541120,-0.556130,0.678950,-0.654160,-2.499100,-0.937550,2.090000,0.542690,0.481580,1
-0.304260,-0.745220,-0.265990,0.349920,0.521830,0.064504,0.566750,0.004907,-0.514730,-0.097694,1.003000,0.898530,0.335070,1
-0.350000,-0.096645,0.044992,-0.085215,0.047815,0.179150,0.447450,-0.023563,0.270060,-0.598850,1.441300,0.717310,0.363100,1
-0.435730,0.018727,0.095854,0.090080,0.050273,0.232630,0.423350,-0.048411,0.366810,-0.906650,1.400900,0.968090,0.768250,1
0.755810,-0.101890,0.157920,0.317290,-0.153260,-0.066597,-0.084209,-0.472750,0.614320,-0.563560,1.079800,0.983470,0.768030,1
-0.939150,-1.299100,-0.137560,-1.022500,-0.885830,0.264510,-0.068893,0.280410,1.024400,-1.466600,1.031100,1.096100,1.070100,1
-0.533880,-0.977370,-0.134090,0.926060,0.515970,0.062087,0.575740,-0.182430,-0.122930,-0.798310,1.400300,0.844610,0.396900,1
-1.214400,-1.132800,-0.159180,0.015306,0.187460,-0.033737,0.442710,-0.218180,-0.437570,-1.332100,1.453900,0.796320,0.536940,1
0.200350,0.206530,0.045097,-0.035129,0.335650,0.201160,0.338980,0.165260,-0.416400,0.219030,0.113480,0.836360,0.090349,1
0.663890,0.062870,0.189790,-0.001576,0.229560,0.214990,0.420700,0.206680,0.689870,0.264120,0.843540,1.173700,0.577210,1
-0.184740,-0.007007,-0.000713,0.101190,-0.146180,0.131900,0.423700,0.101190,-0.429050,-0.106680,0.506020,0.821460,1.071800,1
-0.499410,-0.297190,-0.057948,-0.069404,-0.211500,-0.052367,0.361540,-0.116910,-0.347860,-0.712750,1.391000,0.413520,0.541870,1
-0.408750,-0.302480,-0.005093,0.017122,-0.312740,-0.006748,0.333300,-0.082943,-0.093343,-0.796660,1.261900,0.729090,0.743630,1
-0.244310,0.116970,0.065182,0.127620,0.207360,0.183450,0.207770,-0.253890,-0.221560,-0.787600,0.870040,1.013200,0.762100,1
-2.036300,-0.509680,-0.212580,-0.517470,-0.363480,0.161450,0.563290,-0.187550,-0.792190,-0.972510,1.710200,0.693160,0.693730,1
-0.207250,-0.177310,0.078397,0.087038,-0.141990,0.032969,0.293520,-0.198930,0.018236,-0.584250,1.308600,0.843560,0.664360,1
0.406650,-0.379080,0.229910,0.128720,-0.193490,-0.000531,-0.009587,-0.027921,0.746460,-1.249900,1.094600,0.947770,0.881910,1
0.006233,-0.567950,-0.060124,-0.153490,-0.312100,-0.239640,0.152280,-0.142460,-0.447030,-0.343240,1.413100,0.883310,0.076958,1
-0.759170,0.141510,0.037335,-0.000351,-0.016605,0.297460,0.786170,0.045993,-0.148070,0.088387,1.016900,0.853100,0.669090,1
-1.175600,-1.153900,-0.489020,-0.089620,-0.944920,-0.020163,0.789830,0.114850,-0.324900,0.175660,1.230300,0.915410,0.673520,1
-2.807300,1.287200,-0.051124,-0.194150,0.804850,1.389000,1.777100,0.050602,0.752120,0.218270,1.907900,0.588830,0.614350,3
-1.936900,0.447920,-0.104390,0.052366,-0.219050,0.717900,1.205300,-0.074632,0.377170,-0.218420,1.597400,0.679040,0.484070,3
-1.915700,-0.205870,-0.209850,-0.475400,-0.483170,0.446900,0.944850,-0.069484,-0.146490,-0.045964,1.298500,0.801790,0.491810,3
-2.322400,-0.430270,-0.384170,0.504310,-0.250650,0.603480,1.549700,0.140090,-0.284220,0.585490,1.353500,0.781040,0.610100,3
0.152420,0.151090,0.034319,0.010982,0.135530,0.166730,0.490150,0.171020,-0.251960,0.353910,0.354800,0.903820,0.806820,1
-0.452280,0.073215,-0.019214,0.030113,0.073248,0.184660,0.424860,-0.003886,-0.300060,-0.543000,0.863110,0.930170,0.868730,1
-0.722610,-0.049458,0.039886,0.032003,-0.007726,0.151930,0.465720,-0.102110,-0.050261,-0.919950,1.401900,0.796790,0.627080,1
0.526090,0.050135,0.218890,0.082300,0.343830,0.064610,0.337890,-0.020870,0.213330,0.052928,1.127700,1.051500,0.299020,1
0.533650,-0.056031,0.103720,0.087164,0.085999,0.043183,0.207220,-0.041136,0.146070,-0.174550,0.854340,0.947930,0.313140,1
0.284440,-0.667350,-0.024924,0.611050,0.238690,0.255390,0.440500,0.209870,0.899670,-0.426600,0.733960,1.182200,0.896590,1
-0.275140,-0.458590,0.030474,-0.070642,-0.469700,0.100420,0.236000,0.034016,0.750920,-1.198000,1.336800,0.933030,0.789830,1
-0.673940,0.217380,0.081179,-0.064028,0.570250,0.197680,0.604010,-0.174440,-0.252010,-0.506160,1.744300,0.837590,0.447050,1
-1.171000,-0.035995,-0.014984,-0.053697,-0.054462,0.198690,0.643770,-0.080785,-0.321200,-0.723860,1.425400,0.924260,0.856940,1
-0.669140,-0.064311,0.063871,0.025984,0.129810,0.037985,0.445210,-0.214810,-0.261940,-0.843180,1.689300,0.660980,0.205610,1
-0.307650,-0.849470,-0.054849,0.201650,0.050814,-0.018854,0.186390,-0.202790,0.142870,-1.216300,1.255500,0.891660,0.552230,1
-1.810100,-0.941650,-0.110370,-0.959300,-0.465120,0.008447,0.678040,-0.031108,-0.537510,-0.644680,1.332200,0.984590,0.668190,1
-1.482000,0.146080,0.156050,-0.030368,0.514450,0.098161,0.797290,-0.329430,-0.855000,-0.734580,2.024900,0.752280,0.363030,1
-0.278810,-0.081037,0.058046,0.027030,-0.086069,0.104400,0.552570,0.020365,0.082806,-0.146390,1.363500,0.985870,0.666840,1
0.250500,-0.407460,0.134680,-0.506970,0.222690,0.386050,0.023004,0.235830,1.758200,-1.550400,1.331500,1.172300,0.790270,1
-0.680460,-0.347360,-0.103670,-0.596800,0.156540,0.130020,0.410690,0.005169,-0.058619,-0.630480,1.355100,0.810850,0.527890,1
-0.905710,-0.096316,-0.006227,-0.039538,-0.096007,0.157580,0.545290,-0.076974,-0.056592,-0.830240,1.497200,0.765290,0.631320,1
-1.973700,-0.666760,-0.184010,-0.769390,-0.302320,0.044825,0.676330,-0.123540,-0.881330,-0.861160,1.385000,0.823820,0.709720,1
-3.417200,-0.789670,-0.365990,-0.884040,-0.777730,0.031259,1.070700,-0.263230,-1.508800,-0.895400,1.752900,0.409410,0.597590,1
-2.627300,1.330300,0.068232,-0.139040,1.838700,1.619300,1.829000,0.003858,1.367800,-0.024328,2.075400,0.669390,0.061449,3
-2.977700,0.920350,0.235920,1.889900,-0.813120,0.235730,1.257700,-0.649030,-1.559300,-1.431200,2.402900,-0.083867,0.961360,3
0.156160,-0.039474,0.062510,0.208250,0.604210,0.346780,0.557630,0.186280,0.426280,0.160840,0.480530,0.787660,-0.073698,1
-1.016100,0.167320,0.135580,-0.028070,-0.024127,0.298980,0.973050,0.067789,-0.421580,0.391990,0.638940,0.710590,0.838810,1
-0.290760,-0.601830,0.214850,0.101960,-0.299620,-0.108590,-0.178690,-0.410770,0.345240,-2.228800,1.496900,0.696550,0.462920,1
-2.526300,-2.190600,-0.433090,1.634800,1.841000,0.067974,1.163300,-0.564370,-1.501300,-1.375700,2.002100,0.519460,0.308180,1
0.362000,-0.366400,0.173530,0.188920,-0.192820,-0.040933,-0.107910,-0.203190,0.658190,-1.501400,1.322900,0.910770,0.622810,1
-0.339780,-0.592160,-0.072073,0.574300,0.204410,0.074212,0.469150,-0.121500,-0.025730,-0.631280,1.310600,0.971290,0.574780,1
0.226280,-0.314910,0.099544,0.174240,-0.318350,0.005437,0.128760,-0.004596,0.610280,-1.024700,1.334800,0.944210,0.784920,1
-0.663500,-1.116200,-0.097874,0.477280,0.177150,0.048974,0.439530,-0.047960,0.299070,-1.365200,1.484200,0.816940,0.547980,1
-0.959110,-1.338900,-0.080410,0.223650,-0.124520,0.152630,0.669360,0.154230,0.649360,-0.965650,1.337600,1.008800,0.701710,1
0.568420,-0.296950,0.071364,-0.032320,-0.322670,0.215060,0.175220,0.282410,1.197500,-0.522900,0.918140,1.117800,0.874840,1
-0.095884,-0.869070,-0.226130,0.795540,0.378930,0.120270,0.668840,0.087376,0.201300,-0.072054,1.358900,0.954310,0.482890,1
-0.185550,-0.445460,-0.003429,-0.419940,0.014406,-0.000421,0.308730,0.003175,0.079860,-0.504610,1.313400,0.970710,0.540680,1
0.021025,-0.168290,-0.017165,0.020762,-0.120910,-0.008243,0.346780,-0.002258,-0.121490,-0.241440,1.184000,0.937270,0.771750,1
0.159110,-0.254130,0.060936,0.079610,-0.395540,0.177260,0.285080,0.158740,0.943210,-0.685280,1.179900,1.021300,0.817710,1
-0.463380,-1.198600,-0.142160,0.254200,0.011114,0.236080,0.508790,0.233650,0.978510,-0.981170,1.170400,1.054200,0.795910,1
0.845730,-0.334290,-0.036545,-0.165290,-0.150840,-0.059430,0.196700,0.164850,0.333560,0.341660,0.969530,1.093900,0.454220,1
1.156600,-0.249120,-0.165570,-0.040913,-0.151000,-0.234100,0.172930,0.054904,-0.240900,0.882600,1.014200,1.124100,0.226580,1
-3.603700,0.841140,0.035998,-0.430800,0.170980,1.497300,1.383200,0.565070,1.439300,-0.707750,1.009900,1.024900,1.133400,3
-5.709800,-3.084600,1.974100,-0.946350,-0.602810,-0.680760,-3.727300,-0.881880,2.907900,-12.019000,2.229400,1.359600,1.820600,4
0.791700,-0.214890,0.208590,-0.015149,0.043562,0.100970,-0.143830,-0.261530,0.908460,-0.889300,0.567220,0.877910,0.449200,1
-2.307300,0.672650,0.163850,-0.168830,0.758720,0.851880,0.590750,0.134320,-1.034700,-0.776240,-0.192780,1.309900,0.854650,3
-3.474900,1.936900,0.003854,1.008100,0.086285,-2.586700,-0.096719,1.081100,-0.827530,1.181200,1.328500,-0.950940,0.636530,3
-4.446100,-7.197600,-0.806000,8.623900,5.937800,-0.181370,3.185800,-1.049200,-2.500900,-2.828400,3.362500,-0.357260,-0.146870,4
-0.250430,-0.164090,0.094177,0.046038,-0.165720,0.171250,0.249080,0.015061,0.548830,-1.247400,0.935630,0.871250,0.764540,1
-0.412190,-0.011909,0.064644,0.015141,0.194000,0.025648,0.466350,-0.144310,-0.431020,-0.407390,1.381500,0.830230,0.611570,1
-0.248770,-0.244590,0.061110,0.016532,-0.298740,0.122020,0.379120,0.063136,0.429070,-0.719020,1.166300,0.928780,0.891350,1
0.379020,-0.369920,0.147040,-0.180010,0.066681,0.051497,0.117620,0.050856,0.772810,-0.871040,1.337200,1.074400,0.538650,1
0.074708,-0.342700,0.137700,0.118940,-0.536520,0.204740,0.279420,0.190600,1.261400,-0.981370,1.208300,1.038000,0.950710,1
-0.293540,-0.200060,0.018903,0.051255,-0.174200,0.079225,0.298100,-0.031364,0.143170,-0.907330,1.324500,0.819090,0.763460,1
0.204300,-1.019200,-0.184220,0.175720,0.369530,0.105820,0.258640,0.122110,0.703770,-0.794600,1.256900,1.084200,0.499190,1
1.262600,-0.060114,0.189560,-0.088037,0.279850,0.118660,0.249940,0.287550,0.755490,0.530720,0.694220,1.245700,0.458790,1
0.277320,-0.487230,-0.083380,0.441860,0.489680,0.228350,0.669850,0.234550,0.401380,0.407150,0.851260,1.132700,0.538640,1
-0.562520,-0.413760,-0.019376,-0.087130,-0.491040,0.072001,0.407410,0.019448,0.325400,-0.824980,1.379800,0.944390,0.858840,1
-1.272100,-0.536780,0.050043,-0.423340,0.006728,-0.056696,0.442920,-0.233430,-0.420360,-1.283500,1.856500,0.841000,0.584360,1
0.271160,-0.017929,0.111130,-0.038254,0.252670,0.182520,0.281800,0.051318,0.640840,-0.575500,1.308600,1.037800,0.500990,1
0.461400,-0.049584,0.098762,0.033689,0.017529,0.187880,0.257910,0.171320,0.623620,-0.360190,0.780170,1.052900,0.701720,1
-0.660030,-0.025010,0.055955,-0.058103,0.265150,0.049491,0.486860,-0.167270,-0.506060,-0.623660,1.475700,0.867870,0.505910,1
-0.887730,-0.138670,0.056863,-0.029408,-0.013052,0.089473,0.506810,-0.124780,-0.267770,-0.890300,1.495100,0.782630,0.646120,1
0.581350,-0.649900,-0.004540,0.469180,0.455360,0.167840,0.460340,0.213140,0.812750,-0.062450,1.050800,1.052500,0.501770,1
0.164300,-0.802420,-0.061830,0.579060,0.648250,0.115100,0.440350,0.081880,0.341180,-0.519950,1.113100,1.033800,0.529180,1
0.356730,0.089486,0.123890,-0.015120,0.199970,0.269100,0.393960,0.174640,0.797900,-0.206300,0.957000,1.104200,0.518530,1
0.092441,-0.306180,-0.006741,-0.104840,-0.145930,-0.013872,0.249220,-0.003058,0.037734,-0.343490,1.127400,1.113800,0.785680,1
-0.799140,-0.331110,0.058661,-0.244340,0.154930,-0.145980,0.464920,-0.248490,-0.853670,-0.558150,1.606500,0.892450,0.333750,1
1.026000,-0.296530,0.113120,-0.016599,-0.037576,0.055445,-0.012866,0.172450,1.039800,-0.597480,1.058000,1.157100,0.733340,1
0.342510,-0.670290,0.019768,0.513950,0.560430,0.203700,0.593980,0.235910,0.597160,0.068500,0.922940,1.064700,0.458520,1
-0.651130,-0.225360,-0.016220,-0.231480,0.221400,0.000041,0.322420,-0.202510,-0.378970,-1.013500,1.625000,0.846540,0.458210,1
0.628710,-0.495930,0.035073,0.179740,-0.111460,0.100040,0.285580,0.214760,0.913380,-0.219520,1.034200,1.148700,0.703290,1
0.395790,-0.149960,0.311070,0.016051,0.137490,0.234380,0.271280,0.160290,1.323800,-0.857480,1.380300,1.125200,0.725110,1
1.083800,-0.197100,0.152180,-0.049847,0.075237,0.192030,0.053215,0.238060,1.439600,-0.528880,1.117200,1.214900,0.647390,1
0.272970,-0.185130,0.136820,0.085929,-0.040815,0.115950,0.192790,0.030435,0.865170,-0.930680,1.496700,1.024300,0.706490,1
-1.596800,-0.110780,0.006353,-0.114020,0.048868,0.067606,0.714350,-0.286190,-0.837670,-0.867730,1.789700,0.722130,0.391470,1
1.073400,-0.303750,0.156200,-0.099106,0.094159,0.210300,-0.160680,0.213710,1.689300,-1.264300,1.145400,1.179200,0.766680,1
-0.282690,-0.117400,-0.027737,-0.282290,0.026778,0.311710,0.388300,0.193750,0.484440,-0.476760,0.945580,1.066500,0.858480,1
-1.060000,0.011026,-0.052732,-0.287600,0.556640,0.004512,0.540920,-0.320060,-0.747870,-0.819540,1.991800,0.636600,0.005895,1
-0.230800,-0.070705,0.242840,-0.007158,0.083808,0.270190,0.458710,0.075603,0.744740,-0.731310,1.226400,1.071100,0.775530,1
-0.351510,-0.349870,0.106090,-0.256370,0.302210,-0.054602,0.149570,-0.217000,-0.128460,-1.304200,1.586700,0.865320,0.432190,1
-1.540000,-0.686460,-0.139920,-0.712900,-0.507870,0.148040,0.606180,0.104570,-0.562770,-0.530090,0.697450,1.001200,1.049600,1
-1.191400,-0.791730,-0.215990,-1.478100,0.342530,0.191690,0.359610,0.124610,-0.160270,-0.779360,1.019900,1.065200,0.614610,1
0.540000,-0.144360,0.237520,-0.098497,0.182880,0.273330,0.236180,0.223130,1.318700,-0.659110,1.203400,1.190500,0.730630,1
0.080724,-0.040643,0.054817,-0.132690,0.293370,0.184330,0.299410,0.019523,0.511430,-0.639120,1.432100,1.038300,0.493650,1
0.627950,0.081852,0.138480,-0.065746,0.275250,0.191850,0.482870,0.205650,0.490310,0.524330,0.888540,1.096600,0.520970,1
0.164870,-0.098414,-0.082877,0.121680,-0.406670,0.100010,0.439650,0.079967,0.246550,0.152590,1.056100,0.830800,0.778670,1
0.175790,0.011911,0.010011,0.254830,-0.009082,-0.078940,0.288530,-0.199950,-0.390150,-0.095602,1.312700,0.910930,0.689980,1
-0.146310,-0.874290,0.183690,-0.318450,-0.366300,-0.056714,-0.138900,-0.090893,0.824230,-1.984300,1.289500,0.982840,0.876610,1
-1.081200,-0.609500,-0.009412,-0.571040,-0.086477,0.020904,0.400320,-0.096495,-0.167760,-1.114600,1.524800,0.966820,0.713060,1
0.449870,-0.025860,0.068579,-0.067802,0.224800,0.174010,0.264240,0.090765,0.693060,-0.371490,1.261400,1.027400,0.474800,1
-1.358200,-0.721910,-0.159890,-0.602630,-0.593810,0.043395,0.558620,0.009238,-0.329300,-0.676340,1.144200,0.962680,0.903180,1
0.281950,-0.342110,0.013442,-0.091797,-0.139690,0.019302,0.144770,0.041154,0.442930,-0.694460,1.241100,1.006000,0.615570,1
0.239210,-0.598780,0.178690,0.109690,0.082969,-0.009773,-0.017985,-0.052741,0.871880,-1.708400,1.613600,0.833250,0.546900,1
-0.898680,-0.308680,0.076718,-0.069982,-0.068814,0.066315,0.322360,-0.169040,0.045708,-1.555300,1.691500,0.869400,0.720280,1
0.195590,-0.156610,-0.012633,0.003252,-0.100810,0.077404,0.288010,0.050623,0.388450,-0.404790,1.316900,1.007200,0.712110,1
-0.505010,-0.699660,-0.070124,-0.103100,-0.446810,-0.187040,-0.244530,-0.328570,-0.853130,-0.798340,1.532100,0.622860,-0.726600,1
1.107200,-0.304610,-0.087467,-0.108900,-0.063053,0.233120,-0.595640,0.169510,0.179780,0.200170,0.605360,0.757420,0.482790,1
1.514800,-0.348220,-0.167020,-0.043286,-0.178480,-0.133190,-0.513960,0.139210,0.384340,0.464160,1.082300,1.083500,0.334630,1
0.044060,-0.418360,0.002826,0.498010,0.059222,0.180410,0.340920,0.022414,0.585100,-0.774900,1.048400,1.031000,0.847820,1
-1.121000,-0.030524,-0.026804,0.005782,0.136720,0.057990,0.464190,-0.278700,-0.690310,-1.141900,1.647300,0.737770,0.662220,1
-1.062500,-0.078516,-0.043946,0.033670,-0.088242,0.099406,0.515800,-0.178860,-0.474270,-0.950200,1.555000,0.721300,0.727090,1
-0.997740,-0.478200,0.078054,-0.453140,0.192080,-0.043439,0.374690,-0.196550,-0.429470,-1.199000,1.659600,0.839800,0.421000,1
-0.812550,-0.253090,-0.075694,-0.087571,-0.177350,0.051345,0.385870,-0.139100,-0.192510,-1.037200,1.559800,0.872040,0.752090,1
-0.635970,-0.017631,0.022271,-0.014651,0.248150,0.070924,0.409540,-0.200250,-0.253170,-0.933210,1.735300,0.870310,0.541380,1
-0.131170,-0.034231,0.028088,0.033328,0.201680,0.007107,0.335540,-0.124180,-0.253340,-0.529390,1.449100,0.929200,0.543560,1
-0.570560,-0.321080,0.025659,-0.198360,-0.040044,0.090950,0.329520,-0.069562,0.201040,-1.089300,1.575100,0.947750,0.610100,1
0.005307,-0.930430,-0.081805,0.519010,0.578920,0.060637,0.284920,-0.032333,0.556080,-1.209200,1.701300,0.998900,0.521440,1
1.123600,-0.296980,0.039704,0.134880,0.254350,0.110560,0.129920,0.196330,0.982070,-0.159140,1.081600,1.192400,0.565210,1
-1.103100,-0.071814,-0.065345,0.056842,-0.188210,0.054225,0.640750,-0.163460,-0.646790,-0.538560,1.553300,0.774750,0.762740,1
-0.276240,-0.263610,-0.041621,-0.202690,0.010444,0.032750,0.303710,-0.043001,-0.068604,-0.664200,1.345100,0.930070,0.667310,1
-1.968000,-0.550140,-0.157760,-0.604220,0.001716,-0.106420,0.574440,-0.373010,-1.247400,-1.235200,1.967000,0.651620,0.406830,1
0.672830,-0.243570,0.024504,0.002216,-0.191740,0.102820,0.134940,0.165090,0.853620,-0.446330,1.059900,1.044500,0.702560,1
-0.347740,-0.109450,-0.023756,0.015000,-0.118390,0.175880,0.340130,0.000010,0.272380,-0.854400,1.324500,0.946280,0.781960,1
-1.060600,-0.122950,-0.043483,0.111700,0.208650,0.032710,0.583630,-0.276450,-0.633260,-0.829860,1.891000,0.725840,0.434100,1
-3.245000,1.050400,-0.176250,0.093321,0.112120,0.302320,0.481450,0.473300,-0.531120,-0.337070,0.468840,0.419940,0.974650,3
-0.634360,-0.542380,-0.113340,-0.797320,0.284070,0.272610,-0.087511,-0.020265,0.229080,-1.331900,1.425900,1.033600,0.663190,1
0.691990,-0.493250,0.060583,0.334190,0.059807,0.001502,0.086241,0.062140,0.512720,-0.559350,0.965640,1.123800,0.885440,1
-2.171600,-2.097500,-0.357820,1.108000,1.575800,0.055860,1.156800,-0.247500,-1.072500,-1.158100,2.004800,0.695080,0.323470,1
-1.066900,-1.061700,-0.185840,-0.161680,-0.079304,0.019049,0.437650,-0.040663,-0.067430,-1.206800,1.473900,0.925340,0.649980,1
-0.231340,-0.132030,0.044735,-0.069930,0.212430,-0.031127,0.367050,-0.159270,-0.273550,-0.511110,1.605800,0.872220,0.203000,1
-0.283610,-0.180690,0.059217,0.091323,-0.210670,0.101610,0.372790,-0.012426,0.339240,-0.790600,1.436700,0.968330,0.774460,1
-2.008000,-0.709250,-0.202230,-0.687530,-0.309280,-0.112130,0.646190,-0.264050,-1.179200,-0.936640,1.737500,0.733860,0.544410,1
-0.326330,-0.273270,-0.018224,-0.260110,0.130550,0.054839,0.248400,-0.076196,-0.019006,-0.922440,1.396600,0.909520,0.535090,1
-1.986000,-0.768880,-0.155380,-1.064800,0.160800,-0.006341,0.502480,-0.250040,-0.876960,-1.406100,1.782800,0.816680,0.463040,1
-1.070900,-0.619670,-0.149410,-0.263610,-0.103790,0.106020,0.528260,-0.038614,-0.100890,-0.868840,1.505100,0.909410,0.668140,1
-0.470090,-0.414280,-0.184690,-0.442700,-0.039047,-0.267410,0.532860,-0.130580,-1.263700,0.623410,1.389300,0.977520,0.400630,1
-1.562600,-0.543770,0.785580,-0.623240,0.430020,-0.086200,1.382300,0.039005,-0.728980,0.824160,1.580800,0.650830,0.076978,1
-1.131500,-0.244680,0.189730,-0.310280,0.057589,0.310100,0.354810,0.073619,-0.377300,0.196730,1.316100,0.974280,0.756990,1
0.453340,-0.243500,0.143790,-0.279220,0.068402,0.150630,0.344950,0.289130,0.302250,0.686800,0.776580,1.242000,0.832610,1
-1.660400,-0.464410,-0.109630,-0.156930,-0.644140,-0.057709,0.752390,-0.187190,-0.979610,-0.413270,1.479600,0.808290,0.772160,1
0.736520,-0.394880,0.145950,-0.064049,-0.161840,0.019863,0.090004,0.158210,0.568990,-0.382690,0.739150,0.950510,0.233230,1
-1.898800,-0.292230,-0.140120,-0.508990,0.183710,-0.063908,0.721060,-0.326350,-1.570200,-0.669580,1.705900,0.636100,0.471290,1
-0.854180,0.312680,0.217820,-0.416480,0.507670,0.581380,0.558020,0.508490,1.260800,-0.525490,0.548150,1.069500,0.527210,3
0.977690,-0.222810,0.131530,0.096229,-0.040790,0.073374,-0.026006,0.127070,1.006500,-0.715880,1.040900,1.178900,0.782790,1
-0.662410,-1.355000,0.030784,0.313120,0.147730,0.043130,0.228880,-0.041834,0.842580,-2.174700,1.707700,0.857170,0.687550,1
0.016878,-0.179680,0.103280,-0.085149,0.032423,0.087433,0.398670,0.048386,0.373010,-0.354720,1.357300,1.024900,0.646440,1
0.383310,-0.399960,0.015023,0.302220,0.407910,0.276010,0.580640,0.287760,0.693560,0.250090,0.906620,1.177900,0.668290,1
0.187850,-0.584760,0.158700,-0.477410,0.121970,0.245240,-0.377240,0.223270,1.514900,-2.449900,0.841730,0.810400,0.788700,1
-1.977500,-0.113720,-0.076894,-0.397400,0.422010,-0.043230,0.749290,-0.422700,-1.617900,-0.851010,1.911900,0.580380,0.247460,1
-0.876730,-0.626870,-0.180940,-0.343870,-0.100090,0.018401,0.454830,-0.040813,-0.350930,-0.672820,1.343600,0.967840,0.741280,1
0.338710,-0.243870,-0.010146,-0.425760,0.150810,0.161050,0.353540,0.203550,0.474760,0.122160,1.009300,1.128000,0.594870,1
-0.377190,-0.043535,0.007561,-0.114520,-0.163500,-0.001176,0.665540,0.235980,-0.338700,0.786120,0.830760,0.660860,0.865810,1
0.283850,-0.225530,0.188950,-0.139640,0.030358,-0.271740,-0.155400,0.384490,0.188430,-0.418520,0.164490,0.498660,0.569690,1
0.299980,-0.178760,-0.070053,0.046776,-0.240150,-0.110630,0.429310,0.013468,-0.421550,0.498680,1.074100,0.604170,0.630030,1
1.296400,-0.314630,-0.096621,0.051128,-0.217730,-0.119230,-0.112160,0.080435,0.245670,-0.055008,0.752110,0.998030,0.357940,1
0.046676,-0.344360,0.356450,-0.201820,0.301660,0.014704,0.304180,-0.025485,0.395010,-0.735410,1.358600,0.792080,0.177120,1
0.988980,-0.000415,-0.092664,0.002074,0.121900,-0.206250,-0.096600,0.132320,-0.214990,0.554300,0.676070,0.115760,-0.304830,1
-0.675570,-0.604240,0.008642,-0.268260,-0.499020,0.014248,0.293350,-0.043767,-0.011276,-0.913870,0.988950,0.964750,0.941130,1
-0.855260,-0.181470,-0.004460,0.240310,0.013205,0.208970,0.622230,-0.054810,0.022429,-0.759280,1.433500,0.861290,0.676990,1
-0.782120,-0.304430,-0.047170,-0.286340,0.120640,-0.055270,0.376940,-0.196160,-0.660050,-0.825700,1.518400,0.814620,0.495250,1
-0.993790,-1.498800,-0.337590,0.812850,0.981200,0.094230,0.974670,0.031820,-0.581030,-0.124280,1.316900,0.872430,0.374900,1
-0.684180,-1.290300,-0.294030,0.790040,0.441380,0.034483,0.790540,0.029532,-0.268720,-0.257100,1.383600,0.877730,0.519830,1
-0.769600,-0.946620,-0.209790,0.841270,0.676160,0.276330,0.894570,0.070276,0.059287,-0.308020,1.337100,0.777250,0.368640,1
-1.371300,-0.295180,-0.007000,0.165730,-0.937700,0.230220,0.720770,0.108870,-0.009074,-0.660050,1.040000,0.583080,1.272700,1
-1.998700,-0.179500,-0.149610,-0.490520,0.582940,-0.124740,0.541550,-0.558870,-1.702000,-1.379800,2.229600,0.549610,0.221060,1
1.157100,-0.122980,0.171410,0.154750,-0.007823,0.062416,0.075826,0.127080,0.844180,-0.099553,0.861640,1.192800,0.735340,1
0.104080,-0.476660,0.085440,0.420120,-0.125370,0.160690,0.392950,0.129190,0.823870,-0.653930,1.162600,1.063000,0.801740,1
-0.081360,-0.238590,-0.048346,-0.146590,0.072588,-0.121540,0.328610,-0.107360,-0.525730,-0.195250,1.359400,0.965970,0.551470,1
0.155980,-0.128240,-0.019799,-0.030622,-0.126570,0.182100,0.304140,0.122250,0.559820,-0.420260,1.148400,1.012600,0.770750,1
0.786500,-0.446680,0.020120,0.419430,0.383270,0.177730,0.365520,0.206800,0.908830,-0.067476,1.037600,1.111400,0.522510,1
0.306060,-0.350430,-0.140830,-0.125520,-0.296190,-0.068371,0.149560,0.059530,0.268510,-0.250590,1.340000,0.750360,0.622000,1
0.867090,-0.301450,0.010720,-0.156010,0.013264,-0.189180,0.252800,0.107360,-0.219470,0.804950,1.010200,1.128600,0.566810,1
0.579790,-0.231960,-0.020301,-0.207360,-0.042814,0.151890,0.162970,0.262040,0.396890,-0.142180,0.536590,0.998630,1.014300,1
-0.387380,-0.019312,0.085291,-0.333750,0.403500,0.277930,0.422710,0.092684,0.131690,-0.468730,0.969300,0.810650,0.271270,1
0.583330,-0.693310,0.102740,0.375830,0.152500,-0.021673,0.089338,-0.207890,0.778920,-0.633050,1.054500,1.150200,0.784020,1
0.232320,-0.672650,0.233810,0.189660,-0.562430,-0.169930,-0.141920,-0.216670,0.978400,-1.794200,1.582500,1.049700,0.909260,1
1.031600,-0.415030,0.098647,0.103900,0.034544,0.079096,0.095769,0.236060,0.968900,-0.269380,0.891780,1.254900,0.794870,1
1.021000,-0.526740,-0.169460,-0.008792,-0.512160,-0.271050,-0.032656,0.059097,0.081654,0.046938,1.036800,1.167600,0.595150,1
0.664320,-0.330510,0.157570,0.188830,-0.342150,0.048244,0.051581,0.084179,1.069200,-0.848750,1.203100,1.122900,0.895950,1
0.540270,-0.314650,-0.001672,0.164710,0.040628,0.272280,0.313320,0.267550,1.067400,-0.295730,0.961000,1.199900,0.759990,1
-0.528990,-0.045957,0.030698,0.014547,-0.008306,0.087035,0.589960,-0.060442,-0.128550,-0.260020,1.560000,0.979620,0.596760,1
-0.146610,-0.375780,-0.041879,-0.406390,-0.041919,0.073924,0.382700,0.078902,0.220980,-0.266730,1.254900,1.053000,0.600470,1
0.181400,-0.370490,0.181020,-0.397230,-0.136570,0.351480,0.435010,0.406170,1.397100,-0.224810,0.888790,1.191200,0.828460,1
0.478030,-0.153980,-0.017922,-0.311670,0.187830,0.263240,0.182680,0.196640,0.988040,-0.479960,1.144500,1.102600,0.594970,1
0.045798,-0.551880,0.149110,-0.456710,-0.164060,0.116340,0.387210,0.209290,0.770910,-0.251580,1.025900,1.183500,0.165630,1
0.100880,0.001594,0.001294,-0.092504,0.176960,0.266740,0.304010,0.046595,0.676020,-0.616590,1.355400,0.932860,0.442910,1
-0.519950,0.629990,0.394760,0.143540,0.165810,-0.139770,0.113190,0.765330,1.215600,-0.426260,-0.964980,0.815730,0.863500,3
0.105920,-0.496540,-0.105820,0.182640,-0.487810,-0.367980,0.072271,-0.332600,-0.627700,-0.684620,1.661900,0.188710,0.228780,1
-1.568200,-0.229480,0.000527,-0.389490,0.466130,0.071543,0.384920,-0.396550,-0.558300,-1.654300,2.359300,0.717110,0.364770,1
-0.258640,-0.205640,0.087467,-0.056564,-0.010165,0.081839,0.340940,-0.096864,0.224560,-0.672520,1.468600,1.019400,0.679660,1
-0.071273,-0.412150,0.035720,0.356670,-0.595870,0.091456,0.366510,0.071217,0.776320,-0.714840,1.378100,1.075900,0.852610,1
-0.420200,-0.498480,0.086361,-0.332500,0.007733,-0.058798,0.298730,-0.079555,0.009583,-0.908560,1.540000,0.913940,0.611360,1
-0.189930,0.031215,0.275950,-0.100060,0.441900,0.204040,0.595700,0.046228,0.415020,-0.248590,1.535900,1.070600,0.577070,1
-0.230870,-0.291460,0.039979,0.016751,-0.123630,0.068428,0.152980,-0.082427,0.475350,-1.412500,1.632500,0.871430,0.709350,1
-0.431040,-0.084186,0.008645,-0.059673,0.146560,0.129100,0.326110,-0.094700,0.043830,-0.964050,1.516500,0.905190,0.614210,1
-0.716690,-0.624120,-0.237370,-0.421100,-0.643920,-0.001938,0.440480,0.056131,-0.175840,-0.345160,1.200200,0.871850,0.826690,1
-0.209770,-0.023330,0.054163,-0.353530,0.523450,0.196450,0.448330,-0.008452,0.201040,-0.376580,1.480800,0.994610,0.221920,1
0.491970,-0.586180,0.023738,0.381880,0.352040,-0.076952,0.137330,-0.054273,0.315640,-0.788200,1.495200,1.063300,0.601410,1
-0.291240,-0.894850,-0.174740,0.294960,0.215650,0.340510,0.740960,0.311380,0.847460,-0.054913,1.112000,1.177100,0.699850,1
0.027749,-1.119900,-0.288300,0.309570,-0.133690,0.282160,1.020200,0.513790,0.784130,1.350000,0.751280,1.296700,0.542450,1
-2.175400,-0.941220,-0.336890,-1.157000,-0.249930,-0.077103,0.598350,-0.215650,-1.084700,-1.018800,1.762300,0.743900,0.538790,1
0.571730,-0.243330,0.063957,-0.170400,0.187010,0.028898,0.158020,0.049427,0.608110,-0.435150,1.459900,1.116500,0.536220,1
-0.460650,0.035375,0.201090,-0.234110,0.413430,0.326440,0.584790,0.117250,0.520880,-0.492250,1.327600,0.988790,0.685910,1
1.008000,-0.173830,0.133450,-0.043894,0.188360,-0.018427,0.172180,0.098429,0.504890,0.116620,1.130400,1.170300,0.295420,1
-1.834800,-0.341340,-0.177850,-0.340080,-0.233990,-0.041562,0.756100,-0.268240,-1.299200,-0.521200,1.635100,0.774140,0.683880,1
-0.177220,-0.042767,0.029679,-0.003087,-0.008373,0.175270,0.450760,0.055357,0.253990,-0.362450,1.268600,1.052000,0.772890,1
0.284720,-0.268670,0.045048,-0.113170,-0.104230,0.183330,0.191750,0.119320,0.963200,-0.763130,1.318200,1.044900,0.568930,1
-2.006000,-0.055305,-0.164430,0.102190,-0.251200,-0.072174,0.827450,-0.409060,-1.550500,-0.700760,1.974300,0.648350,0.700540,1
0.475880,-0.103180,0.045014,0.085837,-0.213230,0.219370,0.289040,0.174700,1.069300,-0.380840,1.171600,1.094100,0.683090,1
1.146700,-0.145370,0.105280,0.003550,0.113430,0.102850,0.024613,0.164360,1.014500,-0.365900,0.995920,1.137200,0.638980,1
0.321630,-0.324380,0.190350,0.008413,-0.155400,0.271430,-0.026629,0.156470,1.684900,-1.838300,1.236400,1.084900,1.057200,1
0.354720,-0.059626,0.074401,-0.072493,0.107860,0.259120,0.266830,0.158740,0.812120,-0.462550,1.068800,1.137700,0.589320,1
0.640140,-0.379060,0.105950,-0.604740,0.138610,0.364720,0.265080,0.412100,1.647800,-0.214530,0.977810,1.315200,0.691670,1
0.027159,-0.039308,-0.001596,-0.288920,0.340610,0.157060,0.463150,0.056321,0.222620,0.019409,1.414000,1.090000,0.498320,1
0.105460,-0.742350,0.133620,-0.457920,-0.003483,0.106040,-0.242610,-0.017586,1.281500,-2.238000,1.603100,0.283000,0.042640,1
0.930090,0.035286,0.245910,-0.109720,0.303050,0.235480,0.317330,0.414840,0.330970,0.580330,-0.228380,1.515000,0.593450,1
0.179040,-0.025725,0.055751,-0.052831,0.190610,0.072523,0.445580,0.026700,0.142180,0.050890,1.382900,1.004000,0.471800,1
0.733300,-0.393910,0.050028,0.050687,-0.367160,0.064960,-0.012638,0.154540,1.076700,-0.916810,1.066100,0.908750,0.768590,1
0.185350,-0.469300,0.041535,-0.538780,-0.294760,0.333790,0.158850,0.538860,1.362200,-0.525790,0.247360,1.132100,0.945060,1
0.878920,-0.082813,0.020590,0.186120,-0.102830,0.045988,-0.020404,0.024994,0.196400,-0.201020,0.522150,1.114600,1.137400,1
0.521740,-0.172060,0.232190,0.019787,0.000659,0.314740,0.022269,0.156280,1.820200,-1.580000,1.048300,1.148600,0.845430,1
0.979950,0.012524,0.184090,-0.004738,0.297370,0.214570,0.104990,0.215670,0.905850,-0.350890,0.567540,1.332300,0.796200,1
0.351750,-0.237560,0.084527,0.066323,-0.242000,0.113140,0.230490,0.131750,0.749550,-0.567250,1.125400,1.058900,0.873560,1
-0.472300,-0.200510,-0.067304,0.166750,0.119850,0.124240,0.502460,-0.046186,-0.190660,-0.496640,1.279000,0.769650,0.524000,1
-0.071856,-0.004188,0.029970,0.020310,0.152970,0.058738,0.396040,-0.027816,-0.257840,-0.239160,1.163600,0.909210,0.614440,1
-0.255780,-0.441110,-0.006216,-0.064457,0.061932,0.160900,0.265460,0.013407,0.635750,-1.169900,1.494800,0.965020,0.623600,1
-0.692000,-0.437470,-0.055366,-0.412710,0.049725,-0.095963,0.387600,-0.147160,-0.571810,-0.629620,1.518400,0.891270,0.541010,1
0.053744,0.001600,0.087266,-0.110020,0.256510,0.264420,0.365650,0.097183,0.683280,-0.546290,1.342300,1.117400,0.680200,1
-0.064589,-0.169320,-0.019327,-0.042818,-0.089384,0.119510,0.303800,0.031782,0.324940,-0.613880,1.331700,1.001400,0.751320,1
1.320700,0.028678,0.079419,-0.042977,0.260860,0.067203,0.328570,0.243050,0.557950,0.955860,0.916290,1.284600,0.415720,1
-0.516970,-0.106500,0.043856,-0.276150,-0.081085,0.308690,0.704470,0.241360,0.350200,0.163690,0.975500,1.100200,0.818440,1
0.445370,-0.108270,-0.006791,-0.320750,0.172960,0.295400,0.325680,0.229160,1.084000,-0.164660,1.228300,1.105500,0.506330,1
0.159120,-0.459610,0.001586,-0.295910,0.017284,0.042868,-0.002865,-0.001271,0.674210,-1.312000,1.451100,1.077500,0.730750,1
-0.814990,-0.204480,0.039446,-0.186100,0.199770,0.206660,0.142040,-0.165130,0.228180,-1.986900,1.456800,0.756380,0.142240,1
0.529930,-0.210700,0.151170,-0.114530,0.073384,0.156770,0.241780,0.160370,0.860810,-0.365340,1.117100,1.200500,0.501190,1
-1.046000,0.093552,0.010380,-0.077974,0.451300,-0.019038,0.566570,-0.315290,-1.026400,-0.678150,1.641300,0.467680,0.014139,1
-4.581700,-4.040200,-0.999820,2.804100,3.868500,0.583560,2.672300,-0.201990,-2.499800,0.148390,1.599200,0.444610,0.020792,4
-2.088600,-0.570570,-0.145900,-0.645580,-0.262710,0.055544,0.654370,-0.167610,-1.138800,-1.026300,1.178400,0.597850,0.761890,1
-1.342900,0.223110,0.112670,-0.260280,0.265230,0.370800,0.743130,0.278790,-0.344590,-0.040157,0.437220,1.021800,0.976600,1
-1.308900,-0.050824,-0.095215,-0.190500,-0.061253,0.130590,0.756090,-0.074510,-0.519200,-0.222560,1.592300,0.850030,0.626170,1
0.436620,-0.052347,0.067998,-0.267800,0.272850,0.162400,0.328070,0.223340,0.334900,0.265450,0.690190,1.062600,0.142450,1
0.237040,-0.410480,0.127870,-0.458760,0.009106,0.372630,0.119780,0.328800,1.862300,-1.199600,1.231900,1.116100,0.814170,1
-1.574000,-0.057368,-0.107990,-0.247720,0.343260,-0.024423,0.674790,-0.409360,-1.057400,-0.859350,2.285500,0.663160,0.302420,1
0.397670,-0.123220,0.064460,-0.082849,0.121380,0.137700,0.248900,0.107140,0.574120,-0.392480,1.205100,1.052700,0.726050,1
-2.243300,0.101320,-0.045366,-0.042224,0.278100,-0.037774,0.945640,-0.486730,-1.859200,-0.676030,2.078600,0.494740,0.388980,1
-0.631310,0.045874,0.084126,0.028011,0.050751,0.300460,0.521060,0.007623,0.438090,-0.873390,1.395300,1.007300,0.776940,1
-0.378360,-0.001379,0.065405,-0.059903,0.091563,0.073247,0.711380,0.026762,-0.411520,0.411160,1.229600,1.003300,0.655420,1
1.082800,-0.315280,0.063519,-0.137530,-0.055465,0.020921,0.121240,0.221140,0.713850,0.116820,0.874920,1.049400,0.489460,1
-1.291500,0.003740,-0.052655,-0.033927,0.056117,0.116760,0.661580,-0.211590,-0.617850,-0.745080,1.771200,0.740020,0.659140,1
-1.117200,-0.952640,-0.384960,0.708540,-0.541730,-0.083043,0.945670,-0.058212,-0.847020,0.342490,1.355500,0.852260,0.486550,1
0.165320,-0.190660,0.019193,0.013907,-0.149550,0.050942,0.333970,0.052357,0.347380,-0.297830,1.316900,1.040800,0.737280,1
0.211380,-0.679610,0.082132,-0.513430,-0.374190,0.077178,0.349570,0.309390,0.863640,-0.059966,0.952650,0.928810,0.650200,1
1.284300,-0.274570,0.009359,0.035521,-0.059158,-0.040504,-0.101480,0.032356,0.741460,-0.345010,1.089100,0.846220,0.090756,1
0.157010,-0.098307,-0.184080,-0.156860,0.022091,0.053319,0.255550,0.015210,0.110830,-0.180390,1.355000,0.942850,0.488460,1
-0.080362,-0.171010,0.292240,-0.491730,0.428560,0.335010,0.577600,0.267670,1.011400,-0.116700,1.206400,1.201500,0.421280,1
0.723040,-0.174680,0.049315,-0.337010,0.191890,0.250000,0.262790,0.273440,1.087100,-0.011989,1.053800,1.173500,0.539710,1
0.169380,-0.052843,-0.009353,-0.004415,-0.098289,0.182220,0.423590,0.116110,0.523550,-0.090763,1.212900,0.940660,0.471920,1
-0.941060,-0.068130,-0.034746,-0.146100,0.033835,0.348530,0.406930,-0.051833,0.314750,-1.324000,1.454800,0.861180,0.594480,1
-0.426190,-0.242060,0.009348,-0.256270,0.255790,0.234050,0.566010,0.107860,0.184310,-0.211640,1.216000,1.015600,0.624630,1
-0.249180,-0.641680,-0.271460,0.117060,-0.154120,0.133730,0.682340,0.178610,0.183550,0.373050,1.199800,0.966960,0.613140,1
-0.108830,-0.481840,0.254910,0.023838,1.113500,0.258710,0.938700,0.270130,0.041798,0.796760,0.796260,1.179800,0.233880,1
-1.078300,-0.396790,-0.199340,0.451030,0.142470,0.084950,0.830200,-0.150040,-0.650980,-0.217240,1.657200,0.734360,0.503550,1
-0.373240,-0.399760,0.030505,-0.155500,-0.050329,0.045639,0.130540,-0.122420,0.338580,-1.515900,1.641600,0.883020,0.502960,1
-2.092400,-0.690850,-0.245080,-0.945720,-0.171410,0.024226,0.696400,-0.142650,-1.230700,-0.692250,1.302400,0.905000,0.694220,1
-1.007600,-0.732130,-0.260170,-0.854790,-0.111560,-0.021830,0.272670,-0.088748,-0.457160,-0.984410,1.380700,0.870150,0.572090,1
0.567000,-0.133800,0.085812,-0.068538,-0.044660,0.086558,0.449500,0.219650,0.389830,0.520230,0.928510,1.079000,0.665400,1
-0.855450,0.059333,0.179680,-0.552550,0.625850,0.277370,0.994960,0.130230,-0.378740,0.707590,1.146800,1.062900,0.525330,1
0.793000,-0.197520,-0.031959,-0.039142,-0.181510,0.152370,0.169830,0.209630,1.025700,-0.214660,1.145500,1.057800,0.732010,1
1.111600,-0.315480,0.006179,0.038588,-0.279790,0.068132,-0.029661,0.191130,1.048900,-0.442690,0.926580,1.070900,0.515430,1
-0.403570,-0.298460,-0.008983,-0.408520,-0.020760,0.211000,0.439470,0.102120,0.255190,-0.376420,1.076200,0.831340,0.215990,1
-2.262400,-0.009300,-0.100870,-0.418370,0.262380,0.299830,0.854690,-0.239590,-0.820720,-1.076900,1.838100,0.696280,0.551060,1
-0.113740,-0.295140,0.035164,-0.585640,0.330510,0.139700,0.438640,0.096725,0.194350,-0.069287,1.208800,1.033700,0.323710,1
-0.576380,0.067682,-0.021443,-0.048872,0.324570,0.195200,0.338340,-0.192390,0.038909,-1.145200,1.676800,0.755000,0.262280,1
-0.734990,-0.265670,0.175060,-0.299200,-0.015132,0.179620,0.672980,0.090682,0.010946,-0.202370,1.028700,1.032500,0.628140,1
-0.132860,-0.080574,-0.084595,-0.043296,-0.074072,0.066271,0.468950,0.013406,-0.131990,-0.001141,1.310500,0.940460,0.718270,1
-0.342580,-0.345370,0.042370,-0.250640,-0.129230,0.046671,0.503150,0.018709,0.049818,-0.162380,1.347000,0.930640,0.207510,1
-0.613460,-0.365730,-0.061841,-0.334210,-0.060550,0.039106,0.412670,-0.084367,-0.087900,-0.667190,1.557600,0.798870,0.295450,1
-0.835830,-0.060362,-0.099005,0.030459,-0.129970,0.049521,0.547470,-0.131150,-0.546000,-0.502180,1.489200,0.812500,0.773040,1
-0.273220,-0.355880,-0.167490,-0.582400,0.005325,0.190820,0.374260,0.111420,0.350840,-0.334350,1.269800,1.048200,0.618460,1
0.892420,-0.245370,0.063394,-0.294460,0.068968,0.174260,0.217250,0.322600,0.948920,0.152710,0.799340,1.156100,0.697680,1
-2.090000,-0.468860,-0.294030,-0.255320,0.505730,0.136090,0.947490,-0.261470,-1.174800,-0.596860,1.905800,0.638020,0.287830,1
-0.079873,-0.076142,0.018563,-0.010535,0.079225,0.132850,0.297000,-0.017073,0.300670,-0.745610,1.394200,0.988830,0.712600,1
0.004932,-0.116870,0.047674,-0.102530,0.148750,0.183130,0.253300,0.016789,0.497320,-0.827850,1.348300,0.979830,0.585440,1
1.677000,-0.236380,-0.213040,-0.008102,-0.191310,-0.157950,-0.095999,0.137690,0.154160,0.967200,0.886250,0.998010,0.141370,2
-1.130200,-0.644090,0.426080,0.123200,0.803690,0.243370,1.118700,0.501640,-0.191630,0.431390,-0.478880,1.067600,0.139810,3
-0.389570,-0.531860,-0.325070,0.309190,-1.386800,-0.269770,0.495770,-0.039173,-0.566960,0.257720,1.291300,0.954960,0.780140,1
-1.361100,-0.463160,-0.042361,-0.431680,-0.091127,-0.075584,0.554010,-0.259180,-1.162600,-0.540650,1.269300,0.749150,0.474870,1
-1.760400,-0.445680,-0.127980,-0.427190,0.049679,-0.146650,0.491540,-0.417530,-1.403600,-1.237700,1.836700,0.620760,0.525250,1
0.313360,-0.171570,0.003017,-0.010201,-0.019359,0.053345,0.212900,0.029628,0.377470,-0.497310,1.318100,1.021300,0.724820,1
-5.419600,-7.397200,-1.019700,9.525000,7.629800,0.381770,4.125700,-0.396220,-3.911300,-1.312300,2.354800,0.032660,-0.319940,4
-0.301400,-0.277380,0.023067,-0.229200,0.082588,-0.019910,0.395600,-0.070340,-0.212070,-0.403050,1.423900,0.968220,0.524400,1
-0.416790,-0.074748,-0.013785,0.219870,0.506760,0.163600,0.846820,-0.009820,-0.370510,0.506340,1.387100,0.964470,0.365430,1
-0.097628,0.008460,0.121480,-0.163220,0.344010,0.016229,0.671870,0.018832,-0.572610,0.674350,1.067300,1.063400,0.425800,1
0.435780,-0.203950,0.026978,-0.008862,-0.014950,0.047696,0.136170,0.028125,0.483500,-0.644970,1.238200,0.933400,0.586450,1
-0.208920,-0.201110,0.162400,-0.103250,0.012331,0.163300,0.407230,0.078364,0.472400,-0.666870,1.201300,0.976400,0.705340,1
-0.309770,-0.175240,-0.014968,-0.107600,-0.056228,0.001291,0.526580,-0.047646,-0.259760,-0.015050,1.410100,0.856600,0.516910,1
-0.301630,-0.109270,-0.018896,0.042268,-0.211090,0.144370,0.431060,0.030911,0.194090,-0.520650,1.232400,0.864630,0.873360,1
0.684640,-0.306360,-0.046287,0.149440,0.256710,0.195490,0.417690,0.253850,0.556640,0.350750,0.693540,1.174500,0.506970,1
-0.415090,-0.197870,-0.033755,0.222480,0.436380,0.136840,0.412100,-0.202480,-0.095557,-0.737140,1.570700,0.667930,0.174080,1
-0.064875,-0.352560,0.008123,-0.063417,-0.454380,0.101670,0.308950,0.196010,0.104110,-0.296660,0.562640,0.990130,1.228600,1
0.725210,-0.429640,-0.149420,0.141440,-0.650230,-0.192930,0.139980,0.047403,0.097994,0.016921,1.181000,0.414620,0.789060,1
0.517030,-0.031215,0.025834,-0.061357,0.137220,0.162010,0.255360,0.156770,0.379560,-0.101460,0.847930,1.073400,0.677680,1
0.697580,-0.500540,-0.020219,-0.279560,0.013074,-0.055006,-0.119340,0.012964,0.573850,-0.908320,1.289700,0.903180,0.302440,1
1.509900,-0.264390,-0.118440,0.208400,-0.356760,-0.205270,-0.035523,0.100200,0.345660,0.365530,1.009400,1.189400,0.592620,1
0.792050,-0.382150,0.112180,0.083916,-0.301740,0.005285,0.062554,0.108060,0.981300,-0.601760,1.241900,1.149700,0.493150,1
0.498910,-0.336940,0.137770,0.037543,-0.228290,0.215780,-0.030283,0.154270,1.572900,-1.550400,1.259300,0.967080,0.827230,1
-0.259920,-0.180350,0.023131,0.038934,0.472240,0.281960,0.632310,0.121660,0.183120,-0.044308,1.128800,1.037900,0.594970,1
-0.417210,-0.543940,-0.042046,-0.273400,0.000760,-0.129440,0.028542,-0.239730,-0.007126,-1.658000,1.899400,0.844420,0.586240,1
-0.812560,-0.280610,-0.123050,-0.562820,0.312280,-0.039666,0.519430,-0.130470,-0.968200,-0.150450,1.375000,0.963150,0.517200,1
-2.021200,-1.167400,-0.377300,-1.208400,-0.878550,0.058224,0.634040,0.089352,-0.376340,-0.711450,1.231900,0.739400,0.807950,1
-1.155600,-0.905560,-0.380450,-1.176000,-0.245510,-0.086178,0.441380,-0.001221,-0.738800,-0.265250,1.232800,0.902040,0.557570,1
1.120900,-0.303910,-0.115810,-0.138470,-0.143370,-0.071164,0.080889,0.179520,0.379680,0.317690,0.924050,1.128500,0.706170,1
-0.933470,-1.115300,-0.434850,-0.683100,0.468680,0.179710,0.653990,0.136140,-0.303670,-0.016844,1.083900,1.037100,0.337410,1
-1.030500,0.113760,-0.046057,-0.245130,0.266240,0.264120,0.639830,0.025926,-0.312350,-0.448270,1.136500,0.836360,0.647480,1
0.085794,-0.528100,-0.128730,0.550820,-0.029490,0.113690,0.433670,0.044326,0.489680,-0.401830,1.337900,0.930250,0.648580,1
-0.834560,-0.158240,0.041968,0.163440,-0.305900,0.091473,0.437080,-0.150740,-0.063752,-1.104000,1.427700,0.714870,0.869130,1
0.008512,-0.761980,-0.231640,0.389100,-0.739250,0.151660,0.626210,0.319710,0.626590,0.342210,0.750620,1.051100,0.881420,1
-0.041734,0.047340,0.006244,-0.013609,0.022235,0.271790,0.494620,0.108910,0.549510,-0.165220,1.298400,1.087800,0.603280,1
-1.063100,-0.157110,-0.028173,0.057340,-0.251990,0.127910,0.495040,-0.143560,-0.097371,-1.151300,1.661200,0.724130,0.721380,1
-1.656100,-0.463000,-0.159830,-0.632770,-0.067453,0.046974,0.646970,-0.146810,-0.932770,-0.668670,1.450900,0.843510,0.607670,1
0.006036,0.134650,0.031303,-0.225750,0.256160,0.317320,0.056834,0.461560,0.654650,-0.679030,-0.050897,1.311900,1.062500,1
0.291630,-0.080792,0.260360,-0.181210,0.212740,-0.195190,0.242000,0.382840,-0.112890,0.881980,0.370780,1.040500,0.412400,1
-0.145110,-0.184400,-0.004040,-0.292930,0.202160,0.134040,0.212710,0.032997,-0.315950,0.152190,1.189100,0.961960,0.623970,1
0.664720,-0.215410,0.112630,-0.266060,0.036432,0.089651,-0.009636,0.428900,1.265100,-0.485180,0.580330,0.808990,0.559410,1
-1.527600,-0.173530,-0.209970,0.063844,-0.319890,0.038765,-0.152590,-0.252290,-1.776400,0.081554,1.625800,0.336590,0.905020,1
0.991070,-0.405250,0.265830,-0.315550,0.184240,0.261500,-0.597920,0.408360,0.797920,0.434510,0.644000,1.327500,0.946700,1
0.373470,-0.684980,-0.002353,-0.542110,-0.236690,0.317400,-0.325630,0.295100,1.126300,-0.786420,0.886930,1.168300,0.941050,1
0.241000,-0.000550,0.220430,0.207240,-0.136790,0.292480,0.334820,0.055929,0.974270,-0.391140,0.982570,1.193300,0.982430,1
-0.422610,-0.055329,0.084815,0.068121,-0.008454,0.073386,0.514400,-0.058607,-0.189460,-0.342280,1.309600,1.001700,0.746000,1
-2.719900,-0.491830,-0.162160,-0.692690,0.374220,-0.176810,0.578910,-0.653020,-1.975600,-1.875700,2.407000,0.511880,0.457950,1
-1.803400,0.075129,-0.080939,-0.181590,0.219820,0.054428,0.777380,-0.248710,-1.102600,-0.551950,1.794800,0.519560,0.375470,1
0.103750,-0.093938,0.039761,-0.329030,0.194660,0.304120,0.412620,0.228660,0.757330,-0.176530,1.062900,1.089800,0.677800,1
0.209010,-0.169910,-0.063589,-0.051513,-0.299350,0.211700,0.257330,0.188650,0.680020,-0.414550,0.851940,0.640210,0.413020,1
-0.411270,-0.855740,-0.226850,0.491420,0.413990,0.351340,0.713550,0.243660,0.486780,-0.261610,0.974450,1.056600,0.692740,1
-1.258200,-0.218160,-0.112720,-0.343050,-0.077507,0.079503,0.748710,-0.101680,-0.591490,-0.239560,1.593100,0.849760,0.523100,1
-2.153700,-0.494880,-0.174350,-0.747020,-0.026912,0.101630,0.717230,-0.213590,-0.915930,-1.060800,1.718000,0.737340,0.636320,1
-1.596700,-0.198370,-0.044528,-0.239920,0.306570,-0.141460,0.554750,-0.475370,-1.437200,-1.028900,2.043600,0.656460,0.360270,1
-0.221590,-0.701780,-0.058189,0.157620,0.054675,0.283320,0.523670,0.250880,0.802030,-0.507670,1.042000,1.065100,0.805790,1
0.653760,-0.285030,0.120450,-0.390080,0.281090,0.267130,-0.050570,0.247620,1.151900,-0.933950,0.697090,1.136200,0.173480,1
-0.193970,-0.070863,-0.101730,0.054605,-0.165770,0.015609,0.457840,-0.056434,-0.356020,-0.044587,1.242800,0.768230,0.597210,1
-1.117400,-1.153600,-0.360180,-0.521410,0.158980,0.144280,0.801690,0.203170,-0.587290,0.314850,0.703620,1.089000,0.537050,1
-1.282300,-0.922180,-0.387420,-0.716560,0.421840,0.143670,0.621620,0.019932,-0.665940,-0.350570,1.194600,0.854060,0.470160,1
0.436090,-0.279870,0.012350,0.054318,-0.242540,0.026272,0.141250,0.063690,0.557030,-0.627470,1.222600,0.820670,0.657980,1
0.246210,-0.617170,0.023499,-0.091365,-0.689680,0.163090,0.034990,0.241040,1.438400,-1.329800,1.130600,1.034400,1.129800,1
-2.535900,-0.930970,-0.417380,-1.258900,-0.264440,-0.164750,0.804540,-0.259980,-1.800400,-0.485100,1.645400,0.633040,0.410510,1
-0.460190,-0.033657,0.040660,0.190940,0.730430,0.324910,0.958740,0.075002,-0.161360,0.627970,1.139800,0.959300,0.078913,1
-0.035234,-0.454350,-0.098148,-0.593860,0.073922,-0.060007,0.411340,0.048669,-0.328880,0.403920,1.226100,1.049600,0.398860,1
1.320700,-0.140650,0.074900,0.032487,0.066781,0.136770,-0.129850,0.060913,1.258300,-0.539850,0.961160,1.013100,0.240080,1
0.191710,-0.781500,-0.154270,-0.497920,-0.758770,0.177060,0.030591,0.336160,0.708940,0.003303,0.722880,1.096200,0.922620,1
0.515250,-0.048965,0.250430,-0.293090,0.445310,0.485780,0.161260,0.355790,1.528900,-0.875560,0.711540,1.385200,0.761380,1
-1.024100,-0.042559,-0.063755,-0.232530,-0.104260,0.320860,0.636460,0.119320,0.186180,-0.444490,1.208300,0.942720,0.773600,1
0.242230,-0.618710,0.121020,0.577020,0.423670,0.201610,0.507770,0.074576,0.528450,-0.089770,0.373670,1.148900,0.728130,1
-1.358100,-0.186360,-0.027782,-0.172980,0.137990,-0.093635,0.569440,-0.367730,-1.346300,-0.646060,1.614700,0.768980,0.564940,1
-0.940730,-0.283240,-0.055708,0.159810,0.284960,0.377160,0.676230,0.016881,0.308930,-0.811900,1.400400,0.776240,0.613950,1
-0.173340,-0.536630,0.062179,-0.362340,-0.220710,-0.140510,0.525700,0.076842,-0.451550,0.372740,0.989210,0.920760,0.532000,1
0.396080,-0.269350,-0.122820,0.044597,0.456190,0.429260,0.701460,0.514700,0.646520,1.039400,0.267110,1.236400,0.595640,1
-1.560200,0.043827,0.001745,-0.290320,0.542390,0.036232,0.753800,-0.332370,-1.073400,-0.680140,1.993000,0.499050,0.155950,1
0.448510,-0.211060,0.072545,-0.050944,0.111470,0.114330,-0.002984,0.056019,0.577270,-1.001100,1.075600,1.129800,0.850490,1
-2.204500,-0.087786,-0.172470,0.043191,-0.532760,0.147850,0.960160,-0.227510,-0.936870,-0.677340,1.786800,0.723750,0.780940,1
1.135900,-0.397790,-0.088619,-0.162980,-0.311720,0.012693,0.056880,0.277020,0.765580,0.138170,0.783350,1.130900,0.852400,1
0.286660,-0.231030,0.333300,-0.551550,0.481100,0.387130,0.373710,0.359360,1.433300,-0.393870,0.975880,1.098200,0.405350,1
0.970670,-0.124280,-0.053540,-0.033965,0.039532,0.037602,0.109580,0.110740,0.401700,0.045095,0.965560,0.923540,0.370000,1
0.978630,-0.034220,-0.001878,0.019182,0.126580,0.063062,0.077532,0.054924,0.385560,-0.112060,0.744930,0.605560,0.098129,1
-1.015800,-0.839480,0.694060,-0.669580,0.522140,0.466780,-0.741160,0.068017,2.946400,-5.913000,0.937650,1.290400,1.040500,3
-0.854750,-0.093510,-0.050466,-0.248460,0.062068,0.146560,0.642400,-0.031339,-0.184800,-0.262070,1.551200,0.918400,0.579090,1
-0.477520,-0.423460,-0.036394,-0.124470,0.460480,0.475570,0.765700,0.253850,0.832970,0.047206,1.116900,0.932070,-0.259050,1
-1.944500,-1.112400,-0.460930,-0.400440,-0.393600,0.138400,0.869560,0.253590,-0.636660,0.156980,0.808870,0.510660,0.757530,1
-1.330000,-0.023058,-0.103680,-0.198100,0.142240,0.057479,0.663090,-0.193640,-0.792880,-0.489300,1.742500,0.721760,0.529060,1
-1.860800,0.013942,-0.084638,-0.255400,0.426180,-0.040759,0.624010,-0.402570,-1.000200,-1.395800,2.174000,0.142700,0.043577,1
0.427290,-0.630250,-0.002397,0.704990,0.433730,0.070202,0.406950,-0.435930,0.185420,0.500410,0.674400,0.927920,0.423220,1
-0.267330,-1.170600,0.391520,-0.291980,-0.892880,-0.273270,-0.131500,-0.575400,1.119700,-1.636100,1.103100,0.952480,1.080600,1
-2.665600,-1.407300,-0.255190,0.098215,0.520310,-0.178740,0.770400,-0.396680,-1.930400,-1.459000,1.905100,0.537730,0.652570,1
-1.645400,-1.594100,-0.293450,1.266500,1.204500,0.165430,1.069000,-0.156440,-0.665290,-0.969340,1.567900,0.539430,0.329120,1
-0.269400,-0.267350,-0.129640,-0.422610,-0.086579,0.295610,0.215750,0.233180,0.237790,-0.621470,0.501290,1.052800,0.966670,1
-0.313930,-0.053204,0.031103,-0.297060,0.143620,0.253000,0.565560,0.155800,0.447270,-0.072492,1.222300,0.822680,0.388680,1
-2.991400,-0.588730,-0.094685,-1.056400,0.509860,-0.116440,0.696600,-0.579320,-2.152600,-1.514900,1.870300,0.411390,-0.230700,1
-0.270400,-0.714910,-0.070424,-0.404810,-0.690860,-0.026496,0.356970,0.147100,0.520700,-0.180350,1.216500,0.964390,-0.031257,1
0.363450,0.202110,0.217690,-0.009248,0.298970,0.131260,0.469250,0.111990,0.437560,0.062828,0.264610,0.852150,0.517300,1
0.849050,-0.420060,-0.101490,0.000516,-0.380960,0.443490,-1.035400,0.209420,-0.356530,0.654180,0.472480,-0.196030,1.290300,1
1.355000,-0.270450,-0.012074,0.096726,-0.257130,-0.026000,-0.062911,0.147670,0.544050,-0.018994,0.548630,0.903940,0.472500,1
0.940170,-0.374560,0.282440,-0.136450,0.123960,0.197670,-0.158830,0.208480,1.654400,-1.468500,0.874640,1.203100,0.506670,1
0.622610,-0.135540,0.281020,-0.480860,0.485430,0.408610,0.311300,0.428910,1.188300,-0.074762,0.425970,1.440500,0.512730,1
0.753620,-0.208960,-0.039663,-0.249110,0.074858,0.168280,0.047866,0.236310,0.766110,-0.353510,0.777440,1.082800,0.677940,1
0.931980,-0.278420,-0.263880,0.042715,-0.398640,-0.262760,0.190130,0.036564,-0.382420,0.763170,1.069700,1.006500,0.604860,2
-2.176300,-0.212800,-0.207180,-0.401230,0.105160,-0.120000,0.852870,-0.426570,-1.798600,-0.540310,2.071000,0.632930,0.428430,1
0.731310,-0.023147,-0.004264,-0.115440,0.324620,0.077962,0.204190,0.057351,0.418110,-0.028654,1.281800,1.056700,0.329980,1
0.509980,-0.207080,0.016960,-0.260350,0.020612,0.166020,0.322630,0.239740,0.688390,0.105420,0.979730,1.137600,0.664730,1
-0.654310,-0.257120,0.055064,-0.350780,-0.163580,0.390260,0.546720,0.162640,1.027600,-0.667570,1.345000,0.989820,-0.014416,1
0.751530,-0.072902,0.132490,0.024627,0.154480,0.130240,0.129110,0.081370,0.776450,-0.469510,0.968670,1.074000,0.576900,1
0.095833,0.017087,0.086577,0.056573,-0.101320,0.237630,0.439000,0.153980,0.517060,-0.228700,0.665410,0.965340,0.787440,1
-0.321240,-0.148920,0.054482,-0.219160,0.000216,0.218460,0.492380,0.169540,0.122300,-0.206520,0.827030,1.154400,0.956480,1
0.386670,-0.220290,-0.037626,-0.253630,0.035796,0.124080,0.276930,0.139270,0.501470,-0.110620,1.149800,1.073000,0.573820,1
0.494070,-0.118870,-0.030167,-0.240300,0.023369,0.231710,0.356760,0.255690,0.728620,0.180200,0.946670,1.145800,0.650000,1
0.088771,-0.126640,-0.052592,-0.063586,-0.038328,0.180760,0.235000,0.062878,0.579940,-0.707490,1.334800,1.059200,0.749720,1
0.431280,-0.273300,0.127740,-0.056984,-0.154800,0.095008,0.320200,0.087581,0.632420,-0.069518,1.131400,0.668260,-0.332400,1
-0.059345,-0.434670,0.443760,-0.244460,0.057728,0.070775,0.368820,0.173030,0.222640,-0.486350,0.353490,0.756730,0.337140,1
0.365390,-0.239110,-0.003844,-0.175810,-0.349150,0.237940,0.272820,0.473880,0.513600,0.074102,0.021444,0.983730,1.503000,1
0.669540,-0.443440,0.334220,-0.671650,0.608690,0.281850,-0.045654,0.316500,1.880900,-1.277100,1.216500,1.200200,0.603550,1
-1.702600,-0.105050,-0.128430,-0.225610,0.033367,0.097271,0.731870,-0.272560,-0.714450,-0.859800,2.054000,0.725680,0.534730,1
0.065026,-0.011479,-0.016264,-0.071177,0.109350,0.155560,0.404170,0.063599,0.279820,-0.189350,1.281100,1.021200,0.624630,1
0.034172,-0.267180,0.038839,-0.589740,0.233470,0.255960,0.441760,0.273130,0.451370,0.090168,0.799210,1.193100,0.725930,1
-2.241700,-0.752620,-0.159680,-0.988210,-0.044568,-0.143340,0.813240,-0.298870,-1.488200,-0.538110,1.734100,0.628890,-0.321670,1
0.010316,-0.090147,0.498430,-0.133210,0.129480,0.161750,0.026283,0.116980,2.315300,-2.508800,-0.178100,1.416700,-0.165550,3
-0.438790,-0.181220,-0.058070,0.109220,-0.671890,0.150420,0.634540,0.135750,0.040605,0.100290,0.834430,0.750380,0.987520,1
-0.834910,0.111830,0.026072,0.033964,0.347740,0.057027,0.518850,-0.292450,-0.775030,-0.628220,1.609400,0.688170,0.349620,1
-0.871290,-1.069200,-0.245580,-0.287780,-0.233640,0.028425,0.434780,0.085332,-0.231360,-0.673530,0.951880,0.901230,0.891090,1
0.652900,-0.190070,-0.002539,-0.097753,0.018548,0.135480,0.121960,0.107240,0.759360,-0.439740,1.177700,0.910780,0.329440,1
-2.161500,-0.244650,-0.112050,-0.282600,-0.039638,-0.072164,0.828360,-0.377490,-1.732500,-0.705480,1.732700,0.445420,0.474490,1
-1.194900,-0.147470,-0.083200,-0.631850,0.260610,0.346520,0.646030,0.057504,-0.097893,-0.510820,1.184200,1.050800,0.594930,1
-0.978210,-0.678250,-0.370810,-0.306520,-0.082294,-0.003785,0.764000,-0.023188,-0.780390,0.352670,1.351500,0.908550,0.442520,1
0.937670,-0.126480,0.046022,0.017683,0.178810,0.055641,-0.023762,0.000975,0.684860,-0.560600,1.228300,0.966980,0.204510,1
0.236280,-0.171580,0.086002,-0.094572,0.133480,0.163000,0.185140,0.059857,0.760030,-0.875150,1.398200,1.057900,0.710410,1
-0.045549,-0.303370,-0.026305,0.001375,-0.602570,0.074244,0.575500,0.198840,0.335290,0.337670,1.077700,1.120700,0.822900,1
-0.228790,-0.872770,-0.313260,0.180320,-0.074308,0.221740,0.677620,0.284120,0.504280,0.228390,1.037600,1.101600,0.722160,1
0.857410,-0.379640,-0.028445,-0.294910,-0.093773,0.152000,0.049938,0.236110,1.323800,-0.460490,1.235700,1.187200,0.632660,1
-0.568600,-0.935910,0.057539,-0.507480,0.367990,0.019943,0.627830,0.131000,-0.048911,-0.021541,1.183600,1.096400,0.273010,1
0.578720,-0.155800,0.072487,-0.337660,0.304930,0.167590,0.236320,0.216160,0.826880,-0.100320,1.122900,1.143900,0.530040,1
0.169110,-0.183530,0.144940,-0.379780,0.159530,0.273070,0.477320,0.250920,1.047600,0.018258,1.186100,1.032500,0.048991,1
-1.395600,0.075185,-0.152840,0.239340,-0.235390,-0.025322,0.709910,-0.389460,-1.131900,-0.320590,1.917900,0.694780,0.424930,1
0.563110,0.015267,0.177790,0.306770,-0.063277,0.022962,0.297330,-0.052485,0.162820,0.178980,0.933990,1.138800,0.824650,1
0.616370,-0.052407,0.173870,0.257540,0.185960,-0.013645,0.023383,-0.145750,0.395870,-0.833670,1.378600,1.086100,0.635690,1
0.071118,-0.732850,0.276550,-0.381090,-0.088906,0.237810,-0.186050,0.167270,1.893300,-2.517800,1.390300,1.171000,0.963820,1
1.008200,-0.170440,0.059791,-0.379390,0.314880,0.284150,0.134210,0.304620,1.366000,-0.167520,1.037600,1.253000,0.578530,1
0.237250,-0.135390,0.158550,-0.372980,0.327400,0.258350,0.374610,0.265340,0.713970,-0.112830,0.886390,1.130500,0.630120,1
-0.096598,-0.272520,-0.145140,-0.197720,-0.214210,0.121910,0.262410,0.059795,0.510590,-0.634690,1.432200,0.918490,0.692110,1
-0.285610,-0.403460,-0.333340,0.126600,0.352690,0.253140,0.750290,0.126820,0.113950,0.435800,1.349700,0.928560,0.389790,1
0.813180,-0.294870,0.085093,-0.408300,0.206720,0.322840,-0.016183,0.323570,1.622400,-0.866170,0.958600,1.193100,0.695950,1
0.418650,-0.262770,-0.003290,-0.350150,-0.052400,0.353280,0.130260,0.339130,1.639800,-0.785480,1.096300,1.165700,0.834990,1
0.171130,-0.017546,0.026343,-0.324900,0.418950,0.206240,0.354530,0.132400,0.444050,-0.141840,1.195800,1.078100,0.520710,1
-1.283100,0.014399,-0.080655,-0.207550,0.465680,-0.093654,0.659510,-0.407050,-1.419800,-0.444080,1.955900,0.629660,-0.008482,1
0.626600,-0.181030,0.226340,-0.354050,0.193970,0.263000,0.433170,0.440000,0.802630,0.465900,0.421130,1.245400,0.891220,1
0.917150,-0.074041,0.259760,-0.387640,0.556940,0.156030,0.472560,0.243260,0.744620,0.938140,1.054000,1.009000,-0.481000,1
0.678520,-0.163690,0.429580,-0.059190,0.255420,0.161260,0.112210,-0.219680,0.704280,-0.085810,0.604540,1.018700,0.417170,1
0.360760,-0.109600,0.067079,-0.134410,0.164450,0.307940,0.020796,0.214590,0.808150,-1.085100,0.619050,1.149900,0.955650,1
0.128230,-0.044672,0.082697,-0.077894,0.208300,0.142180,0.379320,0.050117,0.375410,-0.304610,1.333200,1.029300,0.515510,1
1.231000,-0.266020,-0.079771,0.197440,-0.051145,-0.029907,0.067345,0.134850,0.586990,0.104940,1.051400,1.195900,0.609240,1
0.004912,-0.937740,-0.082526,0.729910,0.981530,0.353080,0.694230,0.227050,0.843170,-0.368450,1.167400,1.025000,0.488240,1
-2.485100,-0.546460,1.476500,-0.767230,1.274900,0.054068,1.512300,-0.132600,-0.665400,-0.407170,1.670400,0.719360,-0.249820,3
0.878140,-0.064732,0.215400,-0.449830,0.529650,0.355760,0.354710,0.397390,1.340000,0.271470,0.873480,1.341600,0.571330,1
0.704360,-0.265500,-0.017288,-0.316260,0.120920,0.200920,0.060558,0.177890,1.117100,-0.581760,1.182700,1.126900,0.370750,1
-0.194700,0.066535,0.187860,-0.265120,0.499640,0.320800,0.499600,0.126240,0.568100,-0.380860,1.171700,0.917360,0.243160,1
0.377890,-0.167580,-0.103310,-0.126900,0.078956,-0.068304,0.219850,-0.060126,-0.428380,0.424670,1.294600,0.861120,0.060066,1
0.456180,-0.187940,0.278730,-0.106150,0.160420,0.271590,0.197170,0.156680,1.447000,-0.964570,1.167800,1.093900,0.380460,1
-0.205670,-0.057698,0.070273,-0.086073,-0.142630,0.369020,0.431290,0.295240,0.543830,-0.334550,0.537190,1.046900,1.036400,1
-0.077377,-0.231410,0.040804,-0.009068,-0.370260,0.147370,0.512280,0.079283,0.469050,-0.042940,1.195600,0.867000,0.060240,1
0.458190,0.076505,-0.011976,0.303900,-0.010792,0.044026,0.163850,-0.178080,0.213600,-0.331500,1.392800,0.974970,0.429150,1
1.111500,-0.183850,0.309250,0.077728,0.152210,0.041753,0.038242,0.038174,0.912300,-0.238420,0.913010,1.260300,0.759660,1
-1.144800,-0.224560,-0.068290,-0.165950,0.019981,-0.061879,0.498470,-0.292300,-1.036600,-0.704710,1.546200,0.830900,0.601850,1
0.314290,-0.064760,0.076154,-0.109870,0.176500,0.229160,0.253300,0.155980,0.596330,-0.451270,0.972730,1.124800,0.724130,1
-0.365410,-0.096977,0.148290,-0.287320,0.317980,0.149250,0.624950,0.057371,0.035708,0.000177,1.344300,1.028400,0.524980,1
0.375520,-0.079195,0.112130,-0.172420,0.351310,0.197250,0.238510,0.092317,0.781590,-0.584400,1.374500,1.090200,0.593330,1
0.411450,0.016573,0.097772,0.021423,0.260370,0.168550,0.266350,0.036116,0.680460,-0.483560,1.435600,1.087500,0.493270,1
0.276500,-0.456230,0.388400,-0.492360,0.210280,0.194660,0.204500,0.400380,1.088200,-0.674310,0.411340,1.182700,0.497280,1
-1.925800,-0.013927,-0.164370,-0.102500,0.189770,-0.117750,0.670780,-0.501120,-2.008300,-0.371480,2.107300,0.437560,0.210740,1
0.177250,0.094240,0.202980,0.256430,0.100950,0.060765,0.385440,-0.026912,-0.425700,0.233230,0.630950,1.168700,1.052100,1
-0.285880,-0.484270,-0.041543,-0.594170,0.053340,0.049535,0.311690,0.093481,-0.174610,-0.363550,0.866530,1.033600,0.684330,1
0.892610,-0.346070,0.079230,-0.302450,0.111980,0.047293,0.138620,0.205990,0.710930,-0.024056,0.973370,1.158500,0.486740,1
0.021303,-0.927410,-0.120490,-0.008845,0.825580,0.429700,0.502810,0.333210,1.151500,-0.470750,1.060900,1.067500,0.485820,1
-0.811540,-0.337050,-0.092881,-0.685930,0.260840,0.026774,0.622970,-0.024496,-0.689920,0.110070,1.320500,0.979950,0.521650,1
1.189000,-0.235520,0.084269,-0.365390,0.247730,0.241440,0.053864,0.328720,1.472600,-0.191340,0.925070,1.189200,0.356770,1
-0.836860,-0.311000,-0.150300,-0.191540,-0.451380,0.060810,0.635350,0.021082,-0.328790,-0.077554,1.282700,1.016900,0.824400,1
0.160930,-0.081263,-0.044532,-0.272250,0.209130,0.186850,0.366340,0.108510,0.385910,-0.107140,1.238800,1.052000,0.580020,1
0.743670,-0.135990,0.021598,-0.382400,0.159110,0.296080,0.333680,0.358360,1.104500,0.298940,0.857550,1.224700,0.604600,1
0.203580,-0.390600,-0.035031,-0.531960,0.068717,0.011610,0.423080,0.159910,0.008677,0.449620,0.992640,1.091600,0.466940,1
0.829670,-0.005159,0.075478,-0.372080,0.501170,0.275650,0.304950,0.259630,1.103100,0.141260,1.133400,1.154000,0.299540,1
1.244400,0.006473,0.181210,0.124710,0.233140,-0.010214,0.238490,0.100300,0.386390,0.624750,0.939310,1.190000,0.469850,1
0.698960,-0.063544,0.353080,-0.178680,0.298310,0.245150,0.223960,0.446950,0.750970,-0.134940,-0.269230,1.333600,0.679710,1
0.304980,0.144320,0.221370,-0.058780,0.448980,0.196870,0.542690,0.146690,0.203440,0.329690,0.861760,1.123100,0.401230,1
0.855710,-0.082059,0.088985,-0.172530,0.238880,0.279340,0.090013,0.290560,1.040700,-0.402450,0.698940,1.265700,0.797240,1
1.068400,-0.221030,0.022965,-0.344610,0.225720,0.286380,-0.059363,0.315470,1.415900,-0.601450,0.801310,1.257800,0.623790,1
0.134240,-0.264530,-0.000448,-0.493790,0.274780,0.151080,0.286490,0.151280,0.292690,-0.219110,0.989890,1.114700,0.612190,1
0.761580,-0.190070,-0.043281,-0.314470,0.205700,0.203760,0.077234,0.180720,1.049500,-0.465590,1.189700,1.083700,0.483940,1
0.699960,0.046583,0.159470,-0.121120,0.351240,0.270530,0.306130,0.267040,0.780760,0.039827,0.758670,1.241700,0.659800,1
0.599070,-0.220800,0.016146,-0.046741,-0.115650,0.133090,0.113920,0.054894,0.687790,-0.428180,0.958420,0.844880,-0.408820,1
-0.796760,-0.148830,-0.033072,0.209750,-0.535500,0.088421,0.466150,-0.155490,-0.412440,-0.564960,0.987070,0.609300,1.211300,1
0.904120,-0.183850,0.153450,-0.004488,0.075906,0.199460,-0.182270,-0.098339,1.431300,-1.171000,1.016300,0.835460,0.206710,1
-1.153700,-0.038204,-0.117580,-0.156120,0.069122,0.021185,0.606780,-0.170400,-0.765210,-0.381050,1.666100,0.670080,0.476540,1
0.221450,-0.161650,0.115520,-0.299320,0.015462,0.233860,0.378620,0.395170,0.948800,0.059415,0.757880,1.211400,0.911240,1
-1.542000,2.954700,0.659750,0.903340,1.270800,-3.844600,0.708360,2.181700,2.668400,3.442900,1.496800,0.171150,-1.271300,3
0.879340,-0.276200,-0.091367,-0.172860,-0.053932,-0.019839,0.113160,0.147100,0.330450,0.109390,0.958990,1.131700,0.658190,1
0.014170,-0.162370,0.041876,-0.328470,0.081146,0.314710,0.358240,0.253850,0.942620,-0.451820,1.070400,1.071800,0.802040,1
-0.312390,-0.080637,-0.023203,-0.273710,0.257150,0.162080,0.423860,0.018422,-0.009043,-0.376100,1.301800,0.963170,0.660380,1
-1.313100,-0.033509,-0.094871,0.157360,-0.495320,0.159960,0.828590,-0.092657,-0.352540,-0.314560,1.603000,0.869380,0.766900,1
0.355480,-0.042380,0.157520,0.014896,0.334080,0.129400,0.185410,-0.013275,0.678500,-0.839080,1.526400,1.081900,0.583310,1
0.061224,-0.240010,0.044160,-0.169040,-0.039768,0.198050,0.265320,0.128390,0.758000,-0.730150,1.236500,1.140400,0.835530,1
0.008325,-0.074660,-0.030144,-0.292230,0.303570,0.183570,0.347090,0.061880,0.276640,-0.334860,1.298600,1.093800,0.647650,1
-1.147600,-0.164930,-0.077120,-0.049718,-0.255220,0.000376,0.750450,-0.152190,-0.712710,-0.175290,1.668200,0.678290,0.537190,1
1.031900,-0.206830,0.046003,-0.088160,0.201090,0.096564,-0.134250,0.105140,0.915630,-0.879420,1.024200,1.163700,0.585980,1
-0.078336,-0.170970,0.087620,-0.129720,0.094382,0.214420,0.277660,0.053285,0.657600,-0.921710,1.351100,0.977130,0.639530,1
-1.268900,-0.242190,-0.201030,-0.137330,-0.424880,0.148790,0.587310,-0.097747,-0.301610,-0.778910,1.585100,0.623580,0.752980,1
0.168320,-0.126540,-0.108220,-0.233170,0.107650,0.170020,0.250400,0.049758,0.404450,-0.393910,1.272800,1.049400,0.337530,1
0.907140,-0.345410,-0.082173,-0.279790,-0.060476,0.212640,-0.127250,0.241660,1.303200,-0.882710,0.950580,1.123500,0.713300,1
-0.685940,-0.558480,0.289010,-0.604890,0.068686,-0.009218,0.803150,0.095336,-0.236000,0.429740,1.183200,1.125800,0.005156,1
1.027600,-0.369050,0.154230,-0.445870,0.230810,0.279170,-0.010589,0.357390,1.730200,-0.688490,0.973690,1.218500,0.712540,1
-0.571450,-0.984820,-0.392710,0.324660,0.420530,0.453030,0.929550,0.296180,0.560600,0.344060,1.041000,0.941380,0.070722,1
-0.628370,-0.327540,0.053240,-0.024111,-0.438360,-0.051481,0.739530,-0.055841,-0.447010,0.314630,1.385500,0.642150,-0.023320,1
0.418850,-0.234090,-0.037519,-0.293650,0.061329,0.267660,-0.091269,0.252850,0.970190,-1.154800,0.570560,1.152600,0.631680,1
-1.381100,-0.391340,-0.045425,-0.314640,-0.458300,-0.040021,0.937970,-0.000698,-0.806650,0.410440,1.382000,0.656520,0.548720,1
-0.024791,-0.347940,-0.027076,-0.808770,0.337440,0.063548,0.603540,0.184590,-0.197710,0.876890,0.923280,1.092400,0.124990,1
0.500360,-0.051913,-0.058414,-0.108560,0.256900,0.053804,0.172820,0.011447,0.043284,-0.196720,1.121500,1.000200,0.387850,1
0.736090,-0.084741,0.054518,-0.148810,0.279450,0.193180,0.078319,0.174190,0.726960,-0.484570,0.888930,1.167000,0.644300,1
0.079515,-0.140670,-0.022243,-0.298660,0.195740,0.198640,0.321790,0.089116,0.437230,-0.348110,1.234600,1.030600,0.449330,1
0.455990,-0.402520,0.051059,-0.452740,0.154640,0.302900,-0.010888,0.191620,1.688300,-1.369100,1.478500,1.043200,0.679980,1
-2.222800,-0.936580,-0.446480,-1.133000,-0.467500,-0.093571,0.640190,-0.168590,-1.464300,-0.616610,1.368900,0.675110,0.518930,1
0.260410,-0.579930,-0.303890,0.146410,0.023564,0.254200,0.677290,0.311110,0.626880,0.752890,1.019500,1.091400,0.479020,1
-0.033034,-0.045312,0.097001,-0.064298,0.157900,0.221440,0.374410,0.070803,0.562640,-0.588380,1.326900,1.090000,0.705500,1
-0.010761,-0.299910,-0.002030,-0.306410,0.183120,0.028505,0.209930,-0.029733,0.158190,-0.722800,1.394400,0.999860,0.558480,1
-0.028252,-0.351850,0.220580,-0.173130,0.190930,0.021264,0.207560,-0.053315,0.377640,-1.017500,1.439000,1.074700,0.282400,1
-0.853830,-1.017700,0.140620,0.876240,-0.056561,0.137870,0.984640,0.172570,0.110490,0.142020,0.874780,0.830770,-0.480300,1
0.659520,-0.263130,-0.162890,0.268430,-0.599900,-0.214480,0.234070,0.017131,-0.198350,0.370370,1.133500,0.984010,0.803940,1
0.592450,-0.136430,-0.142580,0.042547,-0.152470,-0.081485,0.271690,0.009152,-0.073068,0.309610,1.252900,1.007300,0.448780,1
-0.433550,-0.587830,0.144540,0.092078,-0.484120,-0.070908,0.658080,0.055774,0.046360,0.014340,1.356900,0.939060,0.539440,1
0.636100,-0.501030,0.073289,-0.281690,-0.205040,0.019533,0.179320,0.184290,0.929040,-0.167750,1.199900,1.110700,0.170350,1
-0.065278,-0.537560,0.266490,-0.472900,-0.018504,0.224220,0.213860,0.257130,1.400800,-1.084900,1.127500,1.085700,0.196580,1
-4.368800,-1.035300,1.293200,-0.923100,0.910290,-0.138090,-0.362590,-0.165480,-0.918440,-4.339100,0.963420,1.172000,-0.697420,3
0.628640,-0.286490,0.133710,-0.435420,0.337970,0.265520,-0.004074,0.272290,1.360200,-0.947380,0.978390,1.181300,0.630060,1
-1.467300,-0.903800,-0.250960,-0.695120,0.224390,0.032752,0.701770,-0.062606,-0.620560,-0.407130,1.608200,0.887790,0.400550,1
-1.014900,-0.061286,0.006688,-0.386690,0.247210,0.101070,0.845210,-0.019517,-0.624870,0.347220,1.466800,0.876680,0.485600,1
-0.326520,-0.051835,-0.092166,-0.297450,0.295930,0.071047,0.517640,-0.076955,-0.224510,-0.039174,1.604200,0.924370,0.251320,1
-2.247300,-1.446300,-0.426620,-1.300600,-0.104950,0.617970,1.367200,0.628470,0.944040,0.567280,0.515370,1.150500,0.501780,3
0.672660,0.116580,0.240040,0.187200,0.207270,0.074699,0.346550,-0.070966,-0.057885,0.605690,0.570440,1.109400,0.643420,1
0.548290,-0.179440,-0.015668,-0.310780,0.157470,0.254720,0.170420,0.202850,1.050700,-0.445040,1.162000,1.112000,0.552730,1
-0.122390,-0.669390,-0.059748,0.884590,0.463080,0.243760,0.540180,0.006094,0.541060,-0.632680,1.233900,1.096400,0.709030,1
0.836490,-0.013011,0.098038,-0.306990,0.421230,0.204500,0.371520,0.301200,0.491200,0.615930,0.668410,1.327500,0.669570,1
1.060400,0.009517,0.167200,-0.360920,0.467570,0.339850,0.231170,0.432070,1.195800,0.325340,0.398480,1.336300,0.124980,1
0.989900,-0.347530,0.063683,-0.141770,0.124200,0.106330,-0.257260,0.134780,1.119300,-1.318700,1.022700,1.172500,0.848800,1
0.311320,-0.617550,0.188430,-0.429330,-0.172000,0.252910,-0.062229,0.300480,1.606200,-1.434300,0.769330,1.262300,0.191130,1
0.782640,-0.128110,0.172750,-0.429170,0.441320,0.332840,0.081060,0.404840,1.428800,-0.503020,0.626470,1.292900,0.618740,1
0.555500,-0.373060,-0.079215,-0.044754,0.700740,0.313640,0.616970,0.345610,0.638730,0.807350,0.820820,1.150700,0.295410,1
0.718010,-0.442400,-0.092299,-0.430930,0.000549,-0.077409,0.130460,0.142510,-0.008912,0.475810,0.925400,1.148400,0.487620,1
0.240340,-0.183900,0.409470,-0.122880,0.165650,0.041963,0.614910,0.191770,-0.148360,0.627170,0.308270,0.931600,0.186110,1
-2.628900,0.716800,0.075497,-0.135140,0.613660,0.777810,1.408600,-0.250950,-0.477670,-0.288160,1.707100,0.673880,0.127890,3
0.996870,-0.247520,0.058026,-0.228530,0.216970,0.204330,-0.109380,0.214660,1.246500,-0.888290,0.991700,1.216300,0.730070,1
0.346110,-0.120910,0.058579,-0.136020,0.203080,0.205240,0.145110,0.109500,0.743020,-0.794390,1.178500,1.040600,0.720530,1
0.828710,-0.007964,0.163120,-0.103070,0.310320,0.254920,0.256120,0.229520,1.096400,-0.141020,1.049500,1.178600,0.564150,1
-0.005750,-0.203440,0.009264,-0.072667,0.088333,0.151570,0.068714,-0.044477,0.652780,-1.428900,1.536800,1.010800,0.755070,1
0.735040,-0.069308,0.067971,-0.099263,0.231100,0.105870,0.243640,0.154170,0.467680,0.057494,1.018800,1.153000,0.622870,1
0.987740,-0.223430,0.060344,-0.182670,0.133050,0.130490,0.070594,0.208550,0.966610,-0.263830,1.018800,1.138900,0.538080,1
-0.257020,-0.843410,-0.096485,-0.919360,-0.037713,0.047855,0.097569,0.093781,0.499760,-1.039400,1.263800,1.057200,0.554190,1
-1.819800,-0.329190,-0.234490,-0.583060,0.131060,-0.004872,0.626380,-0.315120,-1.163600,-0.904310,1.912300,0.623440,0.435710,1
1.321000,-0.259150,-0.078962,-0.220230,0.031055,0.070973,0.002320,0.220830,0.930500,0.075717,0.981240,1.165900,0.433750,1
-0.748350,-1.288700,-0.346840,0.992150,1.155100,0.319890,1.044200,0.147280,0.039391,-0.016019,1.335400,0.980710,0.488510,1
0.127750,-0.167130,0.013172,-0.378810,0.313100,0.294820,0.173140,0.139530,0.859070,-0.898410,1.220000,1.108400,0.737740,1
0.874010,-0.171620,0.076615,-0.157280,0.117500,0.203070,0.148590,0.211710,1.173600,-0.297940,1.147100,1.095900,0.397400,1
-2.708200,0.644380,0.077666,-0.326390,0.953510,0.822820,1.162100,-0.205750,-0.044247,-1.350800,2.165700,0.798630,0.553330,3
-0.476560,-0.748810,-0.125390,-0.737740,-0.348620,0.088985,0.302850,0.169030,0.273040,-0.583840,0.953080,1.044500,0.778810,1
-0.172520,-0.237880,0.011669,-0.523850,0.362920,0.079521,0.459100,0.058507,-0.178960,0.043978,1.151100,1.084900,0.486650,1
0.049743,0.092856,0.070717,-0.134520,0.381360,0.239510,0.458810,0.082710,0.351390,-0.143820,1.275000,1.076300,0.552990,1
-0.176020,0.020973,0.115810,-0.157140,0.339310,0.204170,0.527230,0.054814,0.215580,-0.179490,1.342700,1.015400,0.577600,1
0.523500,-0.114900,0.223650,-0.090777,0.197730,0.133120,0.409010,0.185090,0.660240,0.105190,1.131700,1.166200,0.572170,1
-0.384670,-0.255970,-0.045739,-0.413660,0.142910,0.079280,0.471660,0.010747,-0.148150,-0.168730,1.319400,1.041700,0.496320,1
0.403680,-0.090626,0.120790,-0.201310,0.410080,0.165400,0.243030,0.075908,0.714200,-0.512310,1.444900,1.100000,0.591650,1
0.043826,0.070625,0.117110,-0.143630,0.375320,0.232580,0.521840,0.099273,0.392370,-0.011497,1.322800,1.087500,0.569950,1
0.405990,-0.241710,0.039670,-0.197020,0.131990,0.211720,0.035564,0.098238,1.033600,-1.107900,1.298700,1.115200,0.576990,1
-0.087553,-0.106740,0.138840,-0.177280,0.370500,0.243400,0.212070,0.011278,0.790890,-1.254200,1.551500,0.999650,0.620120,1
1.074100,-0.122780,0.103700,-0.118390,0.229590,0.124350,0.133270,0.204900,0.860160,-0.033145,0.953740,1.184700,0.512270,1
0.380420,-0.342570,0.173310,-0.057924,-0.324900,0.215500,0.319800,0.271710,1.285500,-0.452090,1.089300,1.100300,0.777040,1
0.776860,-0.227970,0.101060,-0.144190,0.191130,0.149090,-0.011916,0.134460,0.956820,-0.829890,1.060700,1.149500,0.511970,1
0.606160,-0.425240,0.150810,-0.462270,0.112280,0.347490,0.029039,0.323760,1.725300,-1.052600,0.995730,1.208400,0.647010,1
0.909620,-0.418820,-0.058445,-0.260010,0.331270,0.325620,0.060611,0.298600,1.593600,-0.617570,1.137100,1.224800,0.586600,1
0.155400,-0.049729,0.094438,-0.255660,0.365470,0.303270,0.269300,0.133510,0.963610,-0.782680,1.287500,1.090100,0.512420,1
0.716920,-0.042774,0.224380,-0.074563,0.258530,0.170250,0.382970,0.241610,0.718730,0.230970,0.935610,1.257000,0.716740,1
0.268640,-0.787780,0.014694,0.441240,0.949400,0.257310,0.484010,0.185710,0.785350,-0.491740,1.176400,1.079900,0.452330,1
0.351040,-0.031684,0.338040,-0.187040,0.357880,0.187810,0.666410,0.262810,0.415080,0.708220,0.867810,1.140900,0.504710,1
0.457680,-0.129380,0.074391,-0.124250,0.265450,0.154620,0.129370,0.051319,0.772470,-0.779600,1.376900,1.100200,0.527070,1
0.189470,-0.267730,0.083974,-0.243920,0.095524,0.148600,0.241180,0.124490,0.593390,-0.583410,1.131900,1.116500,0.670140,1
-0.366210,-0.246120,0.110310,-0.165930,-0.062040,0.230480,0.428480,0.031609,0.695760,-0.761300,1.482900,0.968420,0.100070,1
0.173140,0.083743,0.132200,-0.186430,0.454660,0.209040,0.479710,0.148870,0.041024,0.202640,0.785040,1.257300,0.640740,1
1.165400,-0.319960,0.075743,-0.365400,0.213140,0.191420,-0.054509,0.299210,1.258000,-0.438380,0.781260,1.250900,0.535440,1
-0.964050,-1.443200,-0.355100,-0.309050,1.350300,0.609240,0.960830,0.414730,0.778820,-0.075660,1.036400,1.116300,0.427200,1
-0.269020,0.076539,0.051465,-0.382440,0.611930,0.295360,0.506640,0.052636,0.352500,-0.319270,1.479600,1.071500,0.526130,1
0.009991,-0.493940,0.051449,0.233650,0.419520,0.272190,0.422140,0.113520,0.857780,-0.736530,1.335200,1.035600,0.242240,1
-0.695900,-0.355080,-0.021588,-0.518160,0.214700,0.061364,0.417980,-0.061374,-0.264360,-0.658100,1.393200,1.019200,0.529020,1
-0.246900,-0.290500,-0.004551,-0.464630,0.307760,0.133850,0.258420,-0.003622,0.267350,-0.846790,1.429600,1.030300,0.540120,1
0.719190,-0.279230,0.110350,-0.198150,0.188710,0.174350,-0.004028,0.141740,1.249600,-0.997860,1.351300,1.128300,0.685120,1
0.072638,-0.037934,0.142630,-0.182260,0.367450,0.181950,0.432430,0.077715,0.429880,-0.244370,1.369300,1.089600,0.566810,1
0.717140,-0.369490,0.042677,-0.619270,0.275760,0.296430,0.122060,0.303510,1.425100,-0.446460,1.083100,1.264400,0.532230,1
-0.688150,-0.794050,-0.102440,-1.188400,0.458820,0.309840,0.354980,0.197030,0.739880,-0.901190,1.306600,1.116000,0.599350,1
0.148410,-0.631540,-0.235490,0.076796,0.474790,0.359300,0.684570,0.313010,0.834780,0.420090,1.148900,1.180500,0.514910,1
-0.053619,0.004156,0.134070,-0.199700,0.393150,0.250110,0.480350,0.047601,0.556320,-0.312240,1.493500,1.036200,0.262480,1
0.747750,-0.140270,0.118110,-0.011313,0.100820,0.067847,0.183580,0.051390,0.627130,-0.131310,1.147700,1.057800,0.452110,1
0.176700,0.025274,0.071948,0.147990,0.087600,0.055690,0.329730,-0.119700,-0.041264,-0.104440,1.244700,0.939720,0.620180,1
-0.364430,-0.542730,-0.067136,-0.826250,0.242170,0.060097,0.342230,0.063469,-0.020505,-0.380560,1.238200,1.075400,0.565590,1
0.327910,-0.138530,0.042138,-0.271400,0.137700,0.143480,0.482330,0.180070,0.464400,0.369050,1.194100,1.132300,0.552340,1
0.119360,-0.632330,-0.001065,-0.765190,0.200980,0.267560,-0.133850,0.165890,1.377400,-1.776300,1.271200,1.049900,0.681930,1
1.149600,-0.088458,0.108920,-0.341150,0.403350,0.228560,0.231350,0.316140,1.058400,0.371780,0.838740,1.221600,0.283410,1
0.288280,-0.128660,0.074432,-0.376370,0.279730,0.347080,0.253270,0.282650,0.973020,-0.486920,0.854320,1.288300,0.824750,1
0.366640,0.180180,0.098102,-0.144800,0.464190,0.254670,0.546910,0.160770,0.394010,0.458660,1.100300,1.162200,0.369840,1
0.572900,-0.535300,0.204050,-0.270490,-0.125960,-0.004033,0.214310,0.211520,0.691640,-0.227000,0.930400,1.131200,0.587000,1
0.624500,-0.615820,-0.015935,0.398260,0.901740,0.196920,0.618530,0.257300,0.429970,0.582120,0.935080,1.206000,0.358780,1
0.402080,-0.290650,-0.046517,-0.319100,-0.031866,0.287730,0.110760,0.221990,1.238200,-0.823190,1.174100,1.125700,0.823120,1
0.290970,-0.114490,0.104190,-0.354740,0.336240,0.237700,0.398910,0.180320,0.641930,0.002421,1.093300,1.147800,0.264320,1
-0.721900,0.050172,0.042005,-0.107170,0.308980,0.136650,0.589840,-0.099861,-0.404610,-0.395750,1.476400,0.923340,0.570650,1
0.083258,-0.079960,0.126830,-0.213930,0.271870,0.125670,0.535240,0.106430,0.162130,0.233180,1.212300,1.069600,0.495830,1
-2.882200,-0.547710,-0.260280,-0.761040,0.181580,-0.266750,0.779850,-0.642940,-2.394000,-1.219800,2.366200,0.392980,0.125070,1
0.984700,-0.098106,0.156780,-0.066617,0.136910,0.136660,0.271950,0.285790,0.704070,0.326230,0.710190,1.270600,0.705780,1
-0.242700,-0.991210,-0.050682,0.753600,1.378600,0.245120,0.985940,0.166500,-0.055222,0.451040,1.124000,1.036000,0.116590,1
0.542200,-0.516320,0.033858,0.050604,-0.701380,-0.018358,0.245040,0.136730,0.754030,-0.099153,1.068000,1.047900,0.011193,1
1.271000,-0.296190,-0.135050,-0.076659,-0.224070,-0.140780,0.095088,0.192670,0.260580,0.662980,0.887270,1.171600,0.688190,1
-0.333850,0.098241,0.188570,-0.057615,0.466690,0.226160,0.482130,-0.018137,0.136860,-0.595460,1.359900,1.047600,0.569790,1
-0.486720,-0.112560,0.058273,-0.242360,-0.179280,0.271910,0.702720,0.318870,0.358500,0.263810,0.784850,0.942440,0.982770,1
-1.002100,-0.039873,0.070723,-0.318470,0.398300,0.092348,0.769550,-0.114520,-0.624620,-0.074921,1.642600,0.843450,0.460460,1
-0.316840,-0.356980,-0.207890,0.406850,-0.098075,0.208120,0.812420,0.162470,0.036343,0.535370,1.094300,1.040000,0.615860,1
0.929070,-0.205720,0.104550,-0.024206,0.065025,0.021426,0.146820,0.132670,0.682840,-0.112990,1.150100,1.129100,0.531910,1
0.340560,-0.684570,0.067216,-0.350240,0.430110,0.330190,0.090756,0.262410,1.550700,-1.284500,1.204600,1.170100,0.708430,1
0.904900,-0.377900,-0.079601,-0.107610,0.285020,0.232660,0.392170,0.310210,0.888410,0.601160,0.875170,1.148800,0.118820,1
0.181840,-0.140480,0.166120,-0.083685,0.199940,0.191340,0.227880,0.087784,0.719880,-0.849630,1.239200,1.125800,0.726110,1
-6.235400,-1.314600,-0.682030,-4.694400,1.051400,1.038000,0.019323,1.190900,0.640870,-1.704100,-0.401600,1.343900,0.695480,3
0.052154,-0.507270,0.060685,-0.429160,0.005877,0.205070,-0.080298,0.129180,1.517700,-1.800700,1.536000,0.742280,0.493090,1
